"","X","baseMean","log2FoldChange","lfcSE","stat","pvalue","padj","symbol","diffexpressed","delabel"
"ENSDARG00000099640","ENSDARG00000099640",282.926153606044,-0.570455510308584,0.148102210432727,-3.85176904950858,0.000117267594244759,0.00558628293497432,"eed","DOWN","eed"
"ENSDARG00000007804","ENSDARG00000007804",396.887227051158,-0.514129909119359,0.163489262858247,-3.14473195444727,0.00166239067921157,0.0345148347988076,"gas6","DOWN","gas6"
"ENSDARG00000002791","ENSDARG00000002791",625.780513836002,1.01561658715386,0.15962959972983,6.36233248014638,1.987127152786e-10,8.88009274539056e-08,"atp1a1a.1","UP","atp1a1a.1"
"ENSDARG00000075505","ENSDARG00000075505",72.9501022653204,0.786242189680617,0.259107337896445,3.03442656647125,0.00240993416517785,0.0440858229495352,"si:ch211-132g1.7","UP","si:ch211-132g1.7"
"ENSDARG00000017441","ENSDARG00000017441",3081.18383498439,0.927944696926202,0.146658934193786,6.32722924128219,2.49602408141902e-10,1.08948548800357e-07,"mylz3","UP","mylz3"
"ENSDARG00000103767","ENSDARG00000103767",26.8226315550902,1.17881371713239,0.346367944396532,3.40335685274285,0.000665632820795942,0.0194973624362845,"CR855320.2","UP","CR855320.2"
"ENSDARG00000015803","ENSDARG00000015803",85.1459351771142,0.712760092372331,0.191109915586007,3.72958195385503,0.000191797717783741,0.00801637792429882,"smcr8b","UP","smcr8b"
"ENSDARG00000113858","ENSDARG00000113858",49.0084266301443,1.2569848800715,0.303499793258961,4.14163339807938,3.44841215605544e-05,0.00227099114936858,"AL928650.4","UP","AL928650.4"
"ENSDARG00000058463","ENSDARG00000058463",370.903056275918,-0.557985050040286,0.167230818277214,-3.3366161559727,0.000848049829499945,0.0224281484238082,"ndufab1a","DOWN","ndufab1a"
"ENSDARG00000101597","ENSDARG00000101597",71.5245662155931,-0.705663609341784,0.211729429606182,-3.33285557257829,0.000859595521160955,0.0226597588998174,"si:dkeyp-57d7.4","DOWN","si:dkeyp-57d7.4"
"ENSDARG00000018263","ENSDARG00000018263",457.456107295933,0.997626298400895,0.130288424794055,7.65706009553674,1.90237628637405e-14,2.55040717992532e-11,"pdia2","UP","pdia2"
"ENSDARG00000077652","ENSDARG00000077652",71.2059587338507,1.24067065958789,0.221816807395504,5.59322205632393,2.22893919888379e-08,5.36345638767307e-06,"lratb.2","UP","lratb.2"
"ENSDARG00000037484","ENSDARG00000037484",114.996254922983,-0.830801732553772,0.22529805008958,-3.68756734567139,0.000226408183235894,0.00909947578405673,"tmem192","DOWN","tmem192"
"ENSDARG00000089334","ENSDARG00000089334",117.023655680057,0.693088689214083,0.178669713756288,3.87916158056581,0.000104817115279038,0.00519079798594265,"ednrba","UP","ednrba"
"ENSDARG00000053466","ENSDARG00000053466",269.527011863397,-0.636321404093923,0.187334099583581,-3.39671958019592,0.000681988161483398,0.0198146065060091,"timmdc1","DOWN","timmdc1"
"ENSDARG00000037099","ENSDARG00000037099",205.312139796058,1.31669024655736,0.30409432667879,4.32987442067001,1.49194397717854e-05,0.00122280770775825,"irs2a","UP","irs2a"
"ENSDARG00000087178","ENSDARG00000087178",49.1783076558387,1.01049232381074,0.304248613909044,3.3212717416449,0.000896082453376682,0.023145936947439,"scpp9","UP","scpp9"
"ENSDARG00000098805","ENSDARG00000098805",85.9280367890314,1.37306464162722,0.304305344261128,4.51212792519666,6.41804574818377e-06,0.000627397399206569,"vwa11","UP","vwa11"
"ENSDARG00000093954","ENSDARG00000093954",136.374136978707,0.505984769818486,0.146303597272344,3.45845747645286,0.000543278026878649,0.0169381815390122,"si:dkey-9i23.16","UP","si:dkey-9i23.16"
"ENSDARG00000030972","ENSDARG00000030972",427.265101726193,-0.926802718232383,0.109082622581475,-8.49633696274713,1.95667439291878e-17,3.33862015279023e-14,"dnaja1","DOWN","dnaja1"
"ENSDARG00000051970","ENSDARG00000051970",360.662600435421,-0.79125535980754,0.120646632699291,-6.55845374300439,5.4368566072276e-11,3.0013047547369e-08,"smu1b","DOWN","smu1b"
"ENSDARG00000069566","ENSDARG00000069566",59.7026915602932,1.13689116463508,0.321370236606546,3.53763676636607,0.000403725037637535,0.013815080009783,"mucms1","UP","mucms1"
"ENSDARG00000096031","ENSDARG00000096031",28.8351901802675,-0.948538321989637,0.307726604653672,-3.0824059657018,0.00205334593644982,0.039527435775617,"si:ch73-6k14.2","DOWN","si:ch73-6k14.2"
"ENSDARG00000075785","ENSDARG00000075785",72.0514700646097,1.01244304197861,0.186268408110261,5.43539858556849,5.46740750975578e-08,1.1401974616734e-05,"si:ch73-190m4.1","UP","si:ch73-190m4.1"
"ENSDARG00000074635","ENSDARG00000074635",2550.62952477453,0.668233860401172,0.152876371231219,4.37107353490552,1.23637141817481e-05,0.00107932349524293,"abca1a","UP","abca1a"
"ENSDARG00000074771","ENSDARG00000074771",151.626652525339,0.546161820056527,0.15977610880926,3.41829466324363,0.000630148453913092,0.0189236101303917,"ifngr1","UP","ifngr1"
"ENSDARG00000059826","ENSDARG00000059826",403.774314548933,-0.501360018455026,0.0941821826838401,-5.32330005706111,1.01901448430094e-07,1.95162069957595e-05,"crtac1a","DOWN","crtac1a"
"ENSDARG00000031952","ENSDARG00000031952",858.009890278698,0.658706474333664,0.166041712940157,3.96711442365732,7.27480710928892e-05,0.00399242265012409,"mb","UP","mb"
"ENSDARG00000075855","ENSDARG00000075855",43.2378413503521,-0.79814237410908,0.251674136283933,-3.17133252504196,0.00151741336005146,0.0325861914814712,"adgre10","DOWN","adgre10"
"ENSDARG00000041394","ENSDARG00000041394",302.4739531272,-0.638416413916021,0.117413458387599,-5.43733591262186,5.40831178168719e-08,1.1401974616734e-05,"dnajb1b","DOWN","dnajb1b"
"ENSDARG00000087359","ENSDARG00000087359",555.544505835699,0.80897547407341,0.185969938455256,4.35003356345169,1.36116696372408e-05,0.00114563868798821,"c3a.2","UP","c3a.2"
"ENSDARG00000052207","ENSDARG00000052207",487.270029864019,0.728914258670814,0.179173271480805,4.0682086822805,4.73759435430411e-05,0.0028870100141537,"c3a.3","UP","c3a.3"
"ENSDARG00000116066","ENSDARG00000116066",19.7617376911934,1.05586795576654,0.354874625476665,2.97532672094632,0.0029267664654675,0.0491871885792108,"MFAP4","UP","MFAP4"
"ENSDARG00000099635","ENSDARG00000099635",2195.81451057042,-0.583402656110135,0.146517240984275,-3.98180208821122,6.83947209276804e-05,0.00383194184206458,"akap8l","DOWN","akap8l"
"ENSDARG00000101816","ENSDARG00000101816",3690.43450652678,-0.538488644506093,0.141765597355214,-3.79844373072286,0.000145607475782608,0.00647608225820799,"col5a3b","DOWN","col5a3b"
"ENSDARG00000102091","ENSDARG00000102091",161.687029016111,-0.528856352190996,0.146248823991729,-3.61614088753907,0.000299027668496823,0.0110664745105234,"CABZ01052576.1","DOWN","CABZ01052576.1"
"ENSDARG00000103295","ENSDARG00000103295",319.882193370118,0.944507231539691,0.114333653130647,8.26097308777859,1.44489663814289e-16,2.25993875010866e-13,"cyp3a65","UP","cyp3a65"
"ENSDARG00000034403","ENSDARG00000034403",142.195440725809,-1.26144944486669,0.381559712990463,-3.30603415905762,0.000946265510041144,0.0239037111143502,"zgc:173443","DOWN","zgc:173443"
"ENSDARG00000063050","ENSDARG00000063050",230.079468299012,0.642063056699746,0.160107191130292,4.01020748766525,6.06654140771282e-05,0.00348890259912932,"rc3h2","UP","rc3h2"
"ENSDARG00000114063","ENSDARG00000114063",96.2915434215779,0.77179586722791,0.239804449754479,3.21843847359006,0.00128890619336844,0.0291463618594365,"parm1","UP","parm1"
"ENSDARG00000057456","ENSDARG00000057456",128.514708864116,0.898651494905635,0.299895059048215,2.99655318683046,0.00273050601310478,0.0473344669120856,"ppp3ccb","UP","ppp3ccb"
"ENSDARG00000078618","ENSDARG00000078618",114.144768618756,0.780618684412742,0.185576748799857,4.20644660207208,2.59417342582842e-05,0.00180333485293976,"inpp5kb","UP","inpp5kb"
"ENSDARG00000032816","ENSDARG00000032816",110.17298320354,0.895129664506561,0.231206490885897,3.87155940595249,0.000108141293680662,0.00529948809684685,"tm7sf2","UP","tm7sf2"
"ENSDARG00000019228","ENSDARG00000019228",106.088169679114,0.918330208444529,0.164007111641536,5.59933163417748,2.15179804122566e-08,5.24507758906032e-06,"mogat2","UP","mogat2"
"ENSDARG00000035332","ENSDARG00000035332",112.71523806276,-0.937935912117219,0.196058380579404,-4.78396235521976,1.71872887100691e-06,0.000210841975032214,"cfap298","DOWN","cfap298"
"ENSDARG00000093503","ENSDARG00000093503",33.6867748036649,1.2171694576575,0.396452268821895,3.07015384544139,0.00213948532991769,0.0406437248554909,"rsf1b.1","UP","rsf1b.1"
"ENSDARG00000091209","ENSDARG00000091209",295.277556284942,0.599050645434019,0.181827281634042,3.29461365781021,0.00098557078879118,0.0243397080721338,"ucp3","UP","ucp3"
"ENSDARG00000077284","ENSDARG00000077284",160.932165857265,0.516624924687273,0.169054803164582,3.05596123278625,0.00224340260248698,0.0420223786887007,"gdpd5a","UP","gdpd5a"
"ENSDARG00000116988","ENSDARG00000116988",67.7809761214061,0.840331758700407,0.216146516196795,3.88778766128856,0.000101162063447658,0.00502304436203462,"FP236542.1","UP","FP236542.1"
"ENSDARG00000104387","ENSDARG00000104387",125.990614390112,0.671560219269513,0.196166418317592,3.42342091490024,0.000618382426351149,0.0186000316669627,"SLC4A5","UP","SLC4A5"
"ENSDARG00000100089","ENSDARG00000100089",31.322601724565,1.02566839048641,0.333098300243658,3.07917629641503,0.00207573808450503,0.0398025174803116,"camk2b2","UP","camk2b2"
"ENSDARG00000045015","ENSDARG00000045015",75.9395442467844,-1.35607876116284,0.233813227343707,-5.7998376591817,6.63791497380138e-09,1.83216214916586e-06,"cyp27b1","DOWN","cyp27b1"
"ENSDARG00000011020","ENSDARG00000011020",2873.83729238121,-0.519321803972704,0.153315615030306,-3.38727274368008,0.000705911725957013,0.0202588030343841,"hnrnpa1a","DOWN","hnrnpa1a"
"ENSDARG00000091298","ENSDARG00000091298",1755.34131981711,0.681405187577816,0.0906598515555141,7.51606334983428,5.64502081522338e-14,7.0634263787285e-11,"pmela","UP","pmela"
"ENSDARG00000079742","ENSDARG00000079742",105.321547166014,0.808791898827323,0.260000377468942,3.11073355623853,0.00186623247383326,0.037071038060038,"mcf2l2","UP","mcf2l2"
"ENSDARG00000035074","ENSDARG00000035074",139.959447245324,-0.507724379041364,0.16297161641319,-3.11541598602118,0.00183685665755194,0.036674566758288,"rtel1","DOWN","rtel1"
"ENSDARG00000070078","ENSDARG00000070078",188.532397480865,0.509536741938801,0.160470284989886,3.17527162097901,0.00149696305076813,0.0322948270113413,"abcb11b","UP","abcb11b"
"ENSDARG00000070677","ENSDARG00000070677",260.92879592106,-0.555702472938136,0.114451611225798,-4.85534862276257,1.20175129077354e-06,0.000155556344665715,"fezf2","DOWN","fezf2"
"ENSDARG00000100635","ENSDARG00000100635",87.5919975581291,1.26201806299477,0.18742315165735,6.73352278966053,1.65603708490113e-11,1.03607200155031e-08,"chia.1","UP","chia.1"
"ENSDARG00000099185","ENSDARG00000099185",300.518978864697,1.43044921456506,0.166984342199964,8.56636733551997,1.06800813199917e-17,2.22727162549916e-14,"chia.2","UP","chia.2"
"ENSDARG00000057575","ENSDARG00000057575",532.895907507089,-0.574682333347461,0.158184635791073,-3.63298452136964,0.000280161830542081,0.0105589505972778,"pnp4a","DOWN","pnp4a"
"ENSDARG00000012506","ENSDARG00000012506",185.786805434835,-0.535882822836981,0.141356172588266,-3.7910111247697,0.000150035232963069,0.00657946562496226,"rnpep","DOWN","rnpep"
"ENSDARG00000089724","ENSDARG00000089724",60.8183704650418,-1.72145411311374,0.27789089237109,-6.19471224272777,5.83916091051473e-10,2.28323356519689e-07,"cyldb","DOWN","cyldb"
"ENSDARG00000070437","ENSDARG00000070437",3324.64992897454,-0.596468607975458,0.131757735252988,-4.52701017386326,5.98240609700104e-06,0.000590967263340066,"rpl22","DOWN","rpl22"
"ENSDARG00000016918","ENSDARG00000016918",461.438661322522,1.11505537648343,0.158067588767749,7.05429484422511,1.73478189815097e-12,1.30240485785582e-09,"ace2","UP","ace2"
"ENSDARG00000011262","ENSDARG00000011262",71.999897887003,-0.700254913818502,0.235300416152533,-2.97600372013181,0.00292031319459177,0.0491581689231326,"traip","DOWN","traip"
"ENSDARG00000004871","ENSDARG00000004871",26.734487543838,1.3233070561537,0.357402593755836,3.70256701902319,0.000213428955318545,0.00867066680167484,"mst1rb","UP","mst1rb"
"ENSDARG00000100406","ENSDARG00000100406",1412.03556982924,0.644556837558418,0.0936768939571228,6.88063844061099,5.95849072860137e-12,4.14203379574515e-09,"zgc:112265","UP","zgc:112265"
"ENSDARG00000070165","ENSDARG00000070165",129.859596393222,0.624102804200708,0.202816700539555,3.07717659611068,0.00208971458723014,0.0399001557352212,"tnfrsf1b","UP","tnfrsf1b"
"ENSDARG00000115271","ENSDARG00000115271",5700.7876877702,-0.713174628871634,0.2160900102679,-3.30035908641713,0.000965611915261421,0.0241080097187386,"RPL37A","DOWN","RPL37A"
"ENSDARG00000098574","ENSDARG00000098574",2631.07548904419,-0.536980314702639,0.176222798208619,-3.04716710982503,0.00231009242916559,0.0428017026683208,"srsf11","DOWN","srsf11"
"ENSDARG00000096602","ENSDARG00000096602",123.410229333004,-0.572621338018498,0.14876958535877,-3.84904842369209,0.000118577567084888,0.00562015746620267,"si:ch1073-357b18.4","DOWN","si:ch1073-357b18.4"
"ENSDARG00000099525","ENSDARG00000099525",171.190704229591,0.901681507407691,0.220903532929633,4.08178853207801,4.46904512226296e-05,0.00276830059075094,"si:ch1073-13h15.3","UP","si:ch1073-13h15.3"
"ENSDARG00000090767","ENSDARG00000090767",74.2847713560911,0.828898601638168,0.203451178441569,4.07418923786784,4.61749248326612e-05,0.00283260821214641,"si:ch211-136m16.8","UP","si:ch211-136m16.8"
"ENSDARG00000031616","ENSDARG00000031616",155.641012858447,0.610383959756973,0.163389987860184,3.73574885310165,0.000187157389702713,0.00787613687742201,"g6pca.1","UP","g6pca.1"
"ENSDARG00000104687","ENSDARG00000104687",685.912554382528,0.761373486552064,0.124351056840043,6.12277455374945,9.19597679664107e-10,3.38429977443444e-07,"slc16a9b","UP","slc16a9b"
"ENSDARG00000096505","ENSDARG00000096505",34.8828522723515,0.971616997226691,0.269221482217452,3.60898762321615,0.000307394273357074,0.0113127119934097,"si:ch73-103l1.2","UP","si:ch73-103l1.2"
"ENSDARG00000007906","ENSDARG00000007906",40.5137708427859,1.38152506130465,0.339243992467244,4.07236411544723,4.65383513021021e-05,0.00284520623970409,"lrp2b","UP","lrp2b"
"ENSDARG00000003167","ENSDARG00000003167",108.731322705643,0.617699528852428,0.167666992494856,3.68408545809265,0.000229525232188752,0.00918541382292257,"mlst8","UP","mlst8"
"ENSDARG00000089529","ENSDARG00000089529",69.590016206847,1.05772345242628,0.296202046467496,3.57095254756233,0.000355685336510081,0.0126917454010603,"desi1b","UP","desi1b"
"ENSDARG00000075903","ENSDARG00000075903",159.978002818786,0.860494436991045,0.265180378347033,3.24494007571308,0.00117475341995195,0.0275956782716872,"chadlb","UP","chadlb"
"ENSDARG00000039117","ENSDARG00000039117",653.582491168518,-0.506190840113193,0.0941124354531225,-5.3785755057346,7.50774946861484e-08,1.49907393379183e-05,"tefa","DOWN","tefa"
"ENSDARG00000079549","ENSDARG00000079549",77.8105219954068,0.627801193640721,0.204579459078765,3.06874011920723,0.00214963499975692,0.0407952470277427,"cdc42ep1a","UP","cdc42ep1a"
"ENSDARG00000045147","ENSDARG00000045147",531.559220445272,0.699242053006504,0.161666114520977,4.32522334738102,1.52377395126426e-05,0.00124346579527299,"tmem184ba","UP","tmem184ba"
"ENSDARG00000053929","ENSDARG00000053929",48.8209667670218,0.87483947731654,0.28369023429668,3.08378425322051,0.00204385754904276,0.0394662163971024,"opn4b","UP","opn4b"
"ENSDARG00000061255","ENSDARG00000061255",351.289930527539,0.552422023161861,0.182630805939867,3.02480197860898,0.0024879596289716,0.0450022894983388,"dusp3a","UP","dusp3a"
"ENSDARG00000020876","ENSDARG00000020876",1087.7874251375,0.579152758383604,0.110367042752587,5.24751541709701,1.541641522336e-07,2.78221824353119e-05,"pdk2a","UP","pdk2a"
"ENSDARG00000061424","ENSDARG00000061424",71.5438596812936,0.69445379938283,0.196740109643979,3.5298028482322,0.00041586943871249,0.0140447043825385,"znf646","UP","znf646"
"ENSDARG00000100862","ENSDARG00000100862",145.839304429683,0.52975556020298,0.154462638603541,3.42966794425093,0.000604320314540649,0.018294335457441,"gprc5c","UP","gprc5c"
"ENSDARG00000006413","ENSDARG00000006413",1980.56777513661,-0.769958498795435,0.196046333964437,-3.92743125171168,8.58579515802985e-05,0.00441498052934417,"rpl38","DOWN","rpl38"
"ENSDARG00000097539","ENSDARG00000097539",276.436417023547,0.933666309518246,0.145338982072771,6.42405978219085,1.32687053583078e-10,6.22600827175198e-08,"si:ch211-39f2.3","UP","si:ch211-39f2.3"
"ENSDARG00000031588","ENSDARG00000031588",483.662309620708,1.35586695750356,0.217320040728612,6.23903323852564,4.40283442273928e-10,1.79645215826943e-07,"si:dkey-239b22.1","UP","si:dkey-239b22.1"
"ENSDARG00000098256","ENSDARG00000098256",22.3541963247954,1.95994756936456,0.494913301685096,3.96018365780688,7.48921431026006e-05,0.00406257408639512,"si:ch73-329n5.6","UP","si:ch73-329n5.6"
"ENSDARG00000113076","ENSDARG00000113076",81.010562090019,0.561026885083161,0.186657743177645,3.00564485315362,0.00265018333141574,0.0465572545467531,"si:ch211-182p11.1","UP","si:ch211-182p11.1"
"ENSDARG00000100106","ENSDARG00000100106",83.7156072054519,0.802935623821347,0.266799005128176,3.00951505960676,0.00261665106327678,0.0462447493471204,"CR385054.1","UP","CR385054.1"
"ENSDARG00000052779","ENSDARG00000052779",199.869682807918,1.44392102726211,0.282505309011505,5.11112882201906,3.20239511608761e-07,5.05090369192003e-05,"zgc:153932","UP","zgc:153932"
"ENSDARG00000076196","ENSDARG00000076196",22.4563380910452,1.21067367394825,0.346331500143381,3.49570764844386,0.000472806414457529,0.0153524183567183,"si:ch211-226h7.6","UP","si:ch211-226h7.6"
"ENSDARG00000109626","ENSDARG00000109626",187.814561917196,0.936823472706037,0.238172067719808,3.93338934189436,8.37564066892541e-05,0.00434818040212645,"si:ch211-226h7.3","UP","si:ch211-226h7.3"
"ENSDARG00000068515","ENSDARG00000068515",188.323221331468,0.88069664362281,0.186342025932168,4.72623735422625,2.28718289441584e-06,0.000271697061679056,"chs1","UP","chs1"
"ENSDARG00000105265","ENSDARG00000105265",69.4525626889737,0.802030837199665,0.235535509266751,3.40513767837588,0.000661307039811344,0.0194851991055245,"zgc:171534","UP","zgc:171534"
"ENSDARG00000014031","ENSDARG00000014031",709.382419723051,0.547321749349353,0.128339829689181,4.26462892053762,2.00234703231853e-05,0.00148055732727034,"abcc2","UP","abcc2"
"ENSDARG00000099997","ENSDARG00000099997",91.067389048368,-0.772540028841069,0.246838217579897,-3.12974237302217,0.00174959671814893,0.0356549194385855,"cox20","DOWN","cox20"
"ENSDARG00000039543","ENSDARG00000039543",242.223609986636,-0.572115823546384,0.192707068334371,-2.96883673490217,0.002989293758832,0.0496953539056846,"mrps6","DOWN","mrps6"
"ENSDARG00000056757","ENSDARG00000056757",27.7161635462418,0.97890264286834,0.319270049431171,3.06606474554192,0.00216896342169004,0.0409550044886322,"slc39a8","UP","slc39a8"
"ENSDARG00000039534","ENSDARG00000039534",31.7719470943932,0.962333688200139,0.297604250667072,3.23360195979423,0.00122239693614667,0.0282734127514933,"rrh","UP","rrh"
"ENSDARG00000093584","ENSDARG00000093584",646.056733754687,-0.557876946267453,0.180965457632043,-3.08278139688838,0.00205075740167505,0.039527435775617,"zgc:193505","DOWN","zgc:193505"
"ENSDARG00000094491","ENSDARG00000094491",37.2767160324035,0.823755429928069,0.270737417761066,3.04263605947168,0.0023451577261181,0.0433657786812912,"si:ch211-202m22.1","UP","si:ch211-202m22.1"
"ENSDARG00000039406","ENSDARG00000039406",153.65952213607,0.524699041878104,0.167071779028062,3.14056057181251,0.00168624833449578,0.0348175962487912,"prom2","UP","prom2"
"ENSDARG00000054890","ENSDARG00000054890",218.909123838834,0.747761832186038,0.142833729850624,5.23519082620087,1.64814494094683e-07,2.8910310651057e-05,"rgra","UP","rgra"
"ENSDARG00000075612","ENSDARG00000075612",363.180398359871,-0.580310056524568,0.0960287499295676,-6.04308664801111,1.51193402023939e-09,5.25509067145798e-07,"ercc6","DOWN","ercc6"
"ENSDARG00000092725","ENSDARG00000092725",90.6764961563034,0.667886245008437,0.216140774735276,3.09005205439117,0.00200121418606195,0.0388425946827267,"si:dkey-188i13.8","UP","si:dkey-188i13.8"
"ENSDARG00000030440","ENSDARG00000030440",1245.04979821581,-1.01453457437387,0.214261267998798,-4.73503486584219,2.19017444757628e-06,0.000261830472653244,"rsrp1","DOWN","rsrp1"
"ENSDARG00000109262","ENSDARG00000109262",22.8727365823156,1.91860226806617,0.45776596287975,4.191229631833,2.77446674196168e-05,0.00190050971824375,"CU928131.1","UP","CU928131.1"
"ENSDARG00000109310","ENSDARG00000109310",201.646366818352,-0.692568801267634,0.138878850167879,-4.98685581303736,6.13698303553309e-07,8.99883082765005e-05,"im:7150988","DOWN","im:7150988"
"ENSDARG00000089372","ENSDARG00000089372",1466.24205665295,-1.02001862064503,0.255533585433764,-3.99172037958755,6.5595690523988e-05,0.00368612429773872,"clk4a","DOWN","clk4a"
"ENSDARG00000029443","ENSDARG00000029443",320.416518264254,-0.756832515165239,0.154423518766445,-4.9010184537363,9.53410992127956e-07,0.000128737920224817,"zgc:92242","DOWN","zgc:92242"
"ENSDARG00000103286","ENSDARG00000103286",264.113452021535,0.587658940984388,0.149279292315452,3.93664072135718,8.26301741648673e-05,0.00434421775602351,"kcnk4a","UP","kcnk4a"
"ENSDARG00000101507","ENSDARG00000101507",364.331091625485,0.573882307605597,0.183601173308003,3.12570065466233,0.00177382011330731,0.0359533798128131,"ATG2A","UP","ATG2A"
"ENSDARG00000104037","ENSDARG00000104037",77.5694550434162,0.914133870765171,0.186381747363443,4.90463193792586,9.36026879097508e-07,0.000127306438360733,"si:dkey-74k8.4","UP","si:dkey-74k8.4"
"ENSDARG00000037738","ENSDARG00000037738",63.0891774864735,1.25897688163361,0.232143502668812,5.42326994794137,5.85185147533079e-08,1.19384130804874e-05,"fbxl3l","UP","fbxl3l"
"ENSDARG00000071585","ENSDARG00000071585",107.2642987332,0.542383757549484,0.174466775149763,3.10880829363585,0.00187843557408053,0.0371510614224631,"stard15","UP","stard15"
"ENSDARG00000061585","ENSDARG00000061585",100.788683238476,0.943857563014841,0.213980377581424,4.41095381587354,1.02916269479301e-05,0.000933157227950244,"cyp4v7","UP","cyp4v7"
"ENSDARG00000055792","ENSDARG00000055792",1746.67775563098,0.505858662820395,0.126030760238226,4.01377141472613,5.9756218197368e-05,0.00346161870168642,"foxo4","UP","foxo4"
"ENSDARG00000036329","ENSDARG00000036329",460.569232745478,-0.867687067790683,0.260484410205012,-3.3310518165282,0.000865184959296778,0.0226914333958004,"ndufa1","DOWN","ndufa1"
"ENSDARG00000075727","ENSDARG00000075727",33.7523128687595,1.16426890446951,0.270204104914174,4.30884980388928,1.64105762325635e-05,0.0012895335941646,"map1lc3cl","UP","map1lc3cl"
"ENSDARG00000105412","ENSDARG00000105412",148.810756955456,-0.578256763079066,0.170464301511515,-3.39224551974599,0.000693222928700171,0.0200170786904208,"si:ch211-276i12.11","DOWN","si:ch211-276i12.11"
"ENSDARG00000105351","ENSDARG00000105351",20.5013205308391,1.89590050799335,0.358291366293976,5.29150486545013,1.21313962482914e-07,2.2543977840018e-05,"si:ch211-113d11.6","UP","si:ch211-113d11.6"
"ENSDARG00000043342","ENSDARG00000043342",331.817081274371,0.83669770267826,0.192329387026372,4.35033728134086,1.3592829177617e-05,0.00114563868798821,"gpx3","UP","gpx3"
"ENSDARG00000068586","ENSDARG00000068586",233.879096258498,1.4186441117672,0.149502844483391,9.48907772737932,2.33087314704777e-21,7.29135968282327e-18,"CU302253.1","UP","CU302253.1"
"ENSDARG00000070019","ENSDARG00000070019",2395.5730223587,-0.681234682881147,0.17784059376522,-3.83059159024454,0.000127835537393361,0.00590971724466995,"taf15","DOWN","taf15"
"ENSDARG00000019442","ENSDARG00000019442",54.5188520562311,0.826538388412398,0.275862659665566,2.996195242279,0.00273371340323641,0.0473344669120856,"CABZ01086041.1","UP","CABZ01086041.1"
"ENSDARG00000063475","ENSDARG00000063475",182.196080746021,0.67280900874893,0.165076653815296,4.07573689676152,4.58688584054633e-05,0.00283194935332941,"abcg1","UP","abcg1"
"ENSDARG00000110729","ENSDARG00000110729",44.6043109049383,-1.35993031384528,0.273324440029439,-4.97551669253874,6.50738261196431e-07,9.39515878799678e-05,"PCP4","DOWN","PCP4"
"ENSDARG00000062562","ENSDARG00000062562",128.324146789108,0.665243920146964,0.195292121836476,3.40640428242156,0.000658246271432589,0.0194633438064749,"egln2","UP","egln2"
"ENSDARG00000042293","ENSDARG00000042293",194.580199562131,0.51025798872542,0.143606912318656,3.55315757777164,0.000380636384442906,0.0133085200779064,"ca4b","UP","ca4b"
"ENSDARG00000062319","ENSDARG00000062319",259.543814468068,0.503989744540874,0.16888722564116,2.98417919192844,0.0028434019754761,0.0483711020134247,"si:dkey-103g5.3","UP","si:dkey-103g5.3"
"ENSDARG00000056921","ENSDARG00000056921",87.3936268745425,-0.832676729124165,0.215683505950522,-3.86064166313757,0.000113089651497981,0.00545650300505296,"ankk1","DOWN","ankk1"
"ENSDARG00000036848","ENSDARG00000036848",1376.36004004097,1.01511089418701,0.158674858104144,6.39742745836116,1.58016508843618e-10,7.23368744996554e-08,"slc43a2a","UP","slc43a2a"
"ENSDARG00000019949","ENSDARG00000019949",1812.23587609896,-1.80968805296084,0.230830208900693,-7.83990995623714,4.50869623095377e-15,6.50951688913625e-12,"serpinh1b","DOWN","serpinh1b"
"ENSDARG00000015065","ENSDARG00000015065",21.9382599215168,1.11881983969978,0.340439268922145,3.28640066477067,0.00101476557896426,0.0247996551452866,"c4","UP","c4"
"ENSDARG00000091650","ENSDARG00000091650",49.1711663185157,1.04782782259458,0.242762818605836,4.31626156184939,1.58693924774151e-05,0.00126745798897278,"igflr1","UP","igflr1"
"ENSDARG00000076710","ENSDARG00000076710",73.545991607587,-0.714981132800984,0.199651728974416,-3.58114170347408,0.000342096040764655,0.0123476934405997,"si:dkey-42l23.7","DOWN","si:dkey-42l23.7"
"ENSDARG00000068680","ENSDARG00000068680",308.223790608801,1.23581129718409,0.168550489711509,7.33199469962561,2.267520671889e-13,2.12795477453423e-10,"ctrl","UP","ctrl"
"ENSDARG00000110439","ENSDARG00000110439",86.1451363200741,0.877868801174114,0.228113257456934,3.84839009779977,0.00011889661595457,0.00562108459660283,"ap1s3a","UP","ap1s3a"
"ENSDARG00000039077","ENSDARG00000039077",247.249205200856,0.786821080959759,0.238666778381833,3.29673482959977,0.000978158049234728,0.0242203805093491,"tyr","UP","tyr"
"ENSDARG00000099744","ENSDARG00000099744",1374.43329717845,-0.540078746129318,0.169193709103448,-3.19207344641344,0.00141255409399686,0.0310391932592345,"gap43","DOWN","gap43"
"ENSDARG00000051912","ENSDARG00000051912",59.7914297196576,0.95699214199932,0.285726465486136,3.34932971774627,0.000810073323478181,0.0219714829600607,"hpxb","UP","hpxb"
"ENSDARG00000087759","ENSDARG00000087759",45.4241004859649,1.0356771924972,0.29815318633082,3.47364120183525,0.000513447124039669,0.0161519493728385,"cnih4","UP","cnih4"
"ENSDARG00000091817","ENSDARG00000091817",53.0754543144931,0.943240502777587,0.308519240640429,3.05731500187669,0.00223329448417351,0.0419459678235708,"CR391998.1","UP","CR391998.1"
"ENSDARG00000010130","ENSDARG00000010130",240.166699716996,0.533989294862398,0.116068457598865,4.60064091407053,4.21192971913031e-06,0.000436760822642855,"smpdl3b","UP","smpdl3b"
"ENSDARG00000088571","ENSDARG00000088571",168.084055041155,0.962173105713886,0.292751831612033,3.28665101910958,0.00101386393910874,0.0247996551452866,"si:ch211-151o1.4","UP","si:ch211-151o1.4"
"ENSDARG00000041400","ENSDARG00000041400",389.2467776358,-0.89811886176951,0.188641006134319,-4.76099486624886,1.92640949333912e-06,0.000231774229362063,"ndufa3","DOWN","ndufa3"
"ENSDARG00000035308","ENSDARG00000035308",60.7706538264502,0.85870585836841,0.279674806922597,3.07037257955833,0.00213791888685883,0.0406437248554909,"grb10b","UP","grb10b"
"ENSDARG00000002758","ENSDARG00000002758",631.71498164813,-0.954774167598844,0.186209187233419,-5.1274278234296,2.93727529816442e-07,4.71194188643145e-05,"dedd1","DOWN","dedd1"
"ENSDARG00000070669","ENSDARG00000070669",90.2740071920694,0.505765829541779,0.168804808431813,2.99615771754556,0.00273404984580145,0.0473344669120856,"cxcr3.3","UP","cxcr3.3"
"ENSDARG00000062374","ENSDARG00000062374",79.7368990708561,0.801608795636234,0.195234898678813,4.10586837220626,4.02798812949356e-05,0.00258024946083497,"leng9","UP","leng9"
"ENSDARG00000070604","ENSDARG00000070604",648.462172083039,0.571987476856661,0.166551446201046,3.43429907036778,0.000594088333396052,0.0181308031374155,"zgc:162509","UP","zgc:162509"
"ENSDARG00000095688","ENSDARG00000095688",90.4265241278959,0.867310239578814,0.201395212089896,4.30650873264889,1.65851384971162e-05,0.00129702693521823,"zgc:162509","UP","zgc:162509"
"ENSDARG00000056719","ENSDARG00000056719",109.453851215578,0.764989489451156,0.224580596929652,3.40630268112959,0.000658491305722818,0.0194633438064749,"slc6a19b","UP","slc6a19b"
"ENSDARG00000055613","ENSDARG00000055613",41.0844737800521,0.979129525307897,0.288879297562581,3.38940704151977,0.000700439529873779,0.0201634195340505,"C16H1orf43","UP","C16H1orf43"
"ENSDARG00000101181","ENSDARG00000101181",155.609436817398,-0.709588021879483,0.226039178633629,-3.1392258022208,0.00169394862963202,0.0349381558566631,"s100w","DOWN","s100w"
"ENSDARG00000030602","ENSDARG00000030602",7832.558181834,-0.561283067718688,0.157043013630632,-3.57407219043081,0.000351471957618072,0.0126133406740604,"rps19","DOWN","rps19"
"ENSDARG00000042993","ENSDARG00000042993",1553.08140686365,0.791917081177745,0.243550976717448,3.25154549512021,0.00114779404429061,0.0272350776451207,"prss1","UP","prss1"
"ENSDARG00000087832","ENSDARG00000087832",57.3424350358726,0.902658752883557,0.236625881510499,3.81470846350976,0.000136343799709627,0.00616635367891561,"bcl3","UP","bcl3"
"ENSDARG00000079274","ENSDARG00000079274",398.756163918474,1.16475264233402,0.269355227355143,4.32422512743107,1.53068923050584e-05,0.00124370156568676,"prss59.1","UP","prss59.1"
"ENSDARG00000076568","ENSDARG00000076568",900.823936695791,-0.50532240329924,0.0786023766077236,-6.42884382263813,1.28578146809194e-10,6.18790573708145e-08,"sec61b","DOWN","sec61b"
"ENSDARG00000010420","ENSDARG00000010420",722.58104437767,0.649367275786635,0.117625224319484,5.52064643909094,3.37754776321236e-08,7.73087731313814e-06,"ndrg1b","UP","ndrg1b"
"ENSDARG00000020084","ENSDARG00000020084",657.453869891117,0.575655802264854,0.153507461801766,3.75001837375329,0.000176821613835819,0.00747469565334344,"tg","UP","tg"
"ENSDARG00000011405","ENSDARG00000011405",7177.03602984587,-0.538526903388757,0.150356187273722,-3.58167437704692,0.000341399148315422,0.012346282494667,"rps9","DOWN","rps9"
"ENSDARG00000040118","ENSDARG00000040118",2154.05985080606,-0.542821970079172,0.105396283932782,-5.150295151064,2.60076852715101e-07,4.20808831776701e-05,"zgc:113232","DOWN","zgc:113232"
"ENSDARG00000060256","ENSDARG00000060256",86.7264988297425,-0.70659706518604,0.209007371276877,-3.3807279660486,0.000722940777539086,0.0204983371026453,"alkbh8","DOWN","alkbh8"
"ENSDARG00000070000","ENSDARG00000070000",160.554622168672,-0.992908905756493,0.162400465519511,-6.11395356891515,9.7192594825584e-10,3.50809194669497e-07,"txnipb","DOWN","txnipb"
"ENSDARG00000075622","ENSDARG00000075622",320.114769197154,-0.530356257952095,0.104474494536588,-5.07641851060939,3.84615638017541e-07,5.86898447963515e-05,"zgc:174938","DOWN","zgc:174938"
"ENSDARG00000089399","ENSDARG00000089399",142.649725818659,0.857212662461056,0.214472586911008,3.99684022469846,6.41935964585594e-05,0.00364002903906556,"tmem176l.2","UP","tmem176l.2"
"ENSDARG00000109561","ENSDARG00000109561",111.553076786938,0.523147012157171,0.154744843555837,3.38070723479973,0.000722995320046417,0.0204983371026453,"CABZ01027551.1","UP","CABZ01027551.1"
"ENSDARG00000103034","ENSDARG00000103034",24.3780522107166,1.20272918866042,0.342964506982067,3.50686197602164,0.000453424271592224,0.014826533700005,"CABZ01068499.1","UP","CABZ01068499.1"
"ENSDARG00000096888","ENSDARG00000096888",29.7116180857695,0.975539243125743,0.308765912350445,3.15947844015411,0.00158051793851971,0.0333686627537417,"serpinb1l4","UP","serpinb1l4"
"ENSDARG00000069583","ENSDARG00000069583",1707.24081705787,-0.561619329895122,0.154565187472444,-3.63354348465593,0.000279555306589395,0.0105572908438156,"zgc:114181","DOWN","zgc:114181"
"ENSDARG00000062248","ENSDARG00000062248",189.52842331608,0.879975903699198,0.283864132139907,3.09998976293872,0.00193527331275173,0.0379552192341036,"ptpn21","UP","ptpn21"
"ENSDARG00000018773","ENSDARG00000018773",94.1634794235445,0.949728459053813,0.257842719008811,3.68336349657157,0.000230176566489653,0.00919188080094531,"hivep2b","UP","hivep2b"
"ENSDARG00000011466","ENSDARG00000011466",166.431092484702,-0.506842195386921,0.144401385994599,-3.50995381308789,0.000448184536785832,0.0147958080369778,"afg1la","DOWN","afg1la"
"ENSDARG00000030537","ENSDARG00000030537",120.576790344829,-0.645115970607249,0.168577689906879,-3.82681700623379,0.000129810943328531,0.00597162155718922,"psmc1a","DOWN","psmc1a"
"ENSDARG00000057903","ENSDARG00000057903",874.228662917671,0.626605463808551,0.189864819022174,3.30027156708464,0.000965913117826813,0.0241080097187386,"si:ch211-266g18.10","UP","si:ch211-266g18.10"
"ENSDARG00000013926","ENSDARG00000013926",292.254891095239,0.8776019614433,0.241857124113731,3.62859669591794,0.000284966014713059,0.0106812266173108,"slc16a9a","UP","slc16a9a"
"ENSDARG00000043406","ENSDARG00000043406",255.795305949821,0.578392785599606,0.16997397018646,3.40283153335252,0.000666913883749515,0.0194973624362845,"slc8a1b","UP","slc8a1b"
"ENSDARG00000059226","ENSDARG00000059226",69.8441577977979,-0.612697946817981,0.205832488237314,-2.97668240842316,0.00291385686015547,0.0491581689231326,"zbtb8a","DOWN","zbtb8a"
"ENSDARG00000054220","ENSDARG00000054220",34.6569638361808,-0.898522759365564,0.266328964271947,-3.37373278877804,0.000741563148187695,0.0208047813577502,"ap4s1","DOWN","ap4s1"
"ENSDARG00000028804","ENSDARG00000028804",307.17633028356,-0.879619563016157,0.136444131287607,-6.44673797777368,1.14283111185743e-10,5.64468345748739e-08,"ankrd9","DOWN","ankrd9"
"ENSDARG00000020239","ENSDARG00000020239",751.817411134988,0.608130940568836,0.137253786364786,4.43070429366936,9.39258158089329e-06,0.000872719622236565,"lpin1","UP","lpin1"
"ENSDARG00000031845","ENSDARG00000031845",153.190797369868,0.516432789648994,0.162104214669819,3.18580729502244,0.00144350712530693,0.0314306093212131,"mboat2a","UP","mboat2a"
"ENSDARG00000020600","ENSDARG00000020600",151.289593403411,0.624270552206083,0.18915047995793,3.30039105554969,0.000965501913436926,0.0241080097187386,"rnf144aa","UP","rnf144aa"
"ENSDARG00000009443","ENSDARG00000009443",78.3301120224155,1.23034030915845,0.262530074591661,4.68647377285104,2.77952419645817e-06,0.000326055560270771,"zgc:92137","UP","zgc:92137"
"ENSDARG00000052917","ENSDARG00000052917",700.899492123162,-0.519885041526123,0.131513594366226,-3.95308974734884,7.71484839133239e-05,0.00412535582498341,"si:ch211-202f3.3","DOWN","si:ch211-202f3.3"
"ENSDARG00000060126","ENSDARG00000060126",52.1062442668305,-0.868344314275952,0.289465690108637,-2.99981774679431,0.00270141194212006,0.0470778094165752,"acyp1","DOWN","acyp1"
"ENSDARG00000104569","ENSDARG00000104569",56.1913788718443,1.26832205043843,0.318987654028836,3.97608507545492,7.00590707248219e-05,0.00390189524757918,"CABZ01088484.1","UP","CABZ01088484.1"
"ENSDARG00000101629","ENSDARG00000101629",252.595263035683,1.12663108297641,0.173813083289963,6.48185430953381,9.06021078660546e-11,4.59597557442697e-08,"CABZ01079192.1","UP","CABZ01079192.1"
"ENSDARG00000110240","ENSDARG00000110240",118.969885467841,0.605527031337191,0.159357676578678,3.79979831745497,0.000144813894184707,0.00645608546307071,"kctd14","UP","kctd14"
"ENSDARG00000024771","ENSDARG00000024771",55.4709179335075,1.00513668025231,0.332010626459512,3.02742322127115,0.00246648362898797,0.0447772348497963,"slc24a5","UP","slc24a5"
"ENSDARG00000059398","ENSDARG00000059398",785.709226387333,-0.58406978547979,0.155205247041539,-3.76320901910919,0.000167746883686764,0.00718822205460476,"myef2","DOWN","myef2"
"ENSDARG00000098315","ENSDARG00000098315",304.64162230215,0.912054372242025,0.201210673150585,4.53283296537381,5.81978354955716e-06,0.000577944536728245,"cyp1a","UP","cyp1a"
"ENSDARG00000059075","ENSDARG00000059075",163.858815618201,-0.640310423017795,0.163091742105444,-3.92607507131671,8.63432176461581e-05,0.00442780287431897,"nip7","DOWN","nip7"
"ENSDARG00000069654","ENSDARG00000069654",145.110150400129,0.555533925533192,0.18510668322979,3.00115541935111,0.00268957250768143,0.0470024081905705,"ppp6r2b","UP","ppp6r2b"
"ENSDARG00000063019","ENSDARG00000063019",93.2666825472014,0.736664577896911,0.227239489192244,3.24179824781113,0.00118778076803943,0.027797328223606,"panx2","UP","panx2"
"ENSDARG00000057698","ENSDARG00000057698",1503.63870509371,0.524886234568898,0.148706146775923,3.52968754788477,0.000416050702578263,0.0140447043825385,"ctsd","UP","ctsd"
"ENSDARG00000062821","ENSDARG00000062821",219.195582532918,0.968114596594201,0.243669519209163,3.97306400790811,7.09539722639155e-05,0.00391686795712185,"slc6a15","UP","slc6a15"
"ENSDARG00000041791","ENSDARG00000041791",49.9113921850781,1.28744546470065,0.406035538449121,3.1707703951682,0.00152035262049698,0.0326004630865124,"mgat4c","UP","mgat4c"
"ENSDARG00000041560","ENSDARG00000041560",182.079071721263,0.60954887008935,0.167010558824471,3.6497624723835,0.00026248291304681,0.0100232251872021,"PHAF1","UP","PHAF1"
"ENSDARG00000062350","ENSDARG00000062350",135.578809984951,0.78949314513104,0.229173828178439,3.44495334134021,0.000571157973839241,0.0176316842285999,"synm","UP","synm"
"ENSDARG00000041083","ENSDARG00000041083",40.8622926462834,1.25702739505918,0.287789251696493,4.36787471265555,1.25461425430211e-05,0.0010835650582699,"anpepa","UP","anpepa"
"ENSDARG00000041081","ENSDARG00000041081",217.290191788643,1.30992239842123,0.268411317831617,4.8802800455791,1.05935304447484e-06,0.000140021107688368,"kmt5b","UP","kmt5b"
"ENSDARG00000061439","ENSDARG00000061439",110.283115373294,0.537495359728557,0.170662584608202,3.14946220322696,0.00163571265900414,0.0342259653253609,"ugt5c3","UP","ugt5c3"
"ENSDARG00000014673","ENSDARG00000014673",153.517954880669,-0.611527542347666,0.179308196909945,-3.41048291648817,0.000648479464928143,0.0193502560846364,"fzd9b","DOWN","fzd9b"
"ENSDARG00000055524","ENSDARG00000055524",576.974638353489,-0.53397093944217,0.17699999128496,-3.01678511713883,0.00255470839847762,0.045535918263083,"rnf7","DOWN","rnf7"
"ENSDARG00000068199","ENSDARG00000068199",144.882015674956,0.619862997471396,0.162920579466459,3.8046942841804,0.000141979436432888,0.00637578178149147,"pld3","UP","pld3"
"ENSDARG00000059373","ENSDARG00000059373",558.039941360668,-0.592868155156481,0.199306718511201,-2.97465213207633,0.00293320970325685,0.0491871885792108,"dnajc8","DOWN","dnajc8"
"ENSDARG00000091560","ENSDARG00000091560",336.625077762523,0.68633282569855,0.202040859604199,3.3970001268213,0.000681289353877633,0.0198146065060091,"slc6a19a.2","UP","slc6a19a.2"
"ENSDARG00000067717","ENSDARG00000067717",288.187064376005,-0.6001355058503,0.146365253922045,-4.10025938376012,4.12687323909657e-05,0.00263460149063277,"tomm7","DOWN","tomm7"
"ENSDARG00000059054","ENSDARG00000059054",812.386065109107,0.952599716670137,0.160661906801491,5.92921953706885,3.04377914084441e-09,9.70106016030838e-07,"pdk2b","UP","pdk2b"
"ENSDARG00000036767","ENSDARG00000036767",284.295227087596,0.615791794727688,0.145944879715533,4.21934497412963,2.45013129171446e-05,0.00172234135633666,"urgcp","UP","urgcp"
"ENSDARG00000062995","ENSDARG00000062995",26.993778199882,1.33820768757022,0.400480579842961,3.3415045695723,0.000833256449071471,0.0222466433749963,"si:dkey-14o18.2","UP","si:dkey-14o18.2"
"ENSDARG00000101160","ENSDARG00000101160",124.299367947755,-0.708694873544013,0.18545988584394,-3.82128388745135,0.000132758722390516,0.00605837099848344,"apoa4a","DOWN","apoa4a"
"ENSDARG00000071116","ENSDARG00000071116",173.407967990631,-0.592769857024191,0.170655946864086,-3.4734790548863,0.000513757460471235,0.0161519493728385,"eepd1","DOWN","eepd1"
"ENSDARG00000062634","ENSDARG00000062634",225.895027864628,0.615717082867555,0.181744618075314,3.38781466757055,0.000704518519122831,0.0202497826729195,"kat2b","UP","kat2b"
"ENSDARG00000076008","ENSDARG00000076008",55.7009551076501,0.837221853513964,0.234891870015526,3.56428621160292,0.00036484768014377,0.0129204266200348,"umad1","UP","umad1"
"ENSDARG00000061728","ENSDARG00000061728",94.406071264376,-0.69642372891152,0.193556195329969,-3.59804411181092,0.000320619249098312,0.0117304145932285,"acot13","DOWN","acot13"
"ENSDARG00000061718","ENSDARG00000061718",34.6298084694456,1.26377277486053,0.318976112256453,3.96196682541693,7.4334870821392e-05,0.00404403243607741,"znf704","UP","znf704"
"ENSDARG00000006290","ENSDARG00000006290",693.563202426009,-0.634082951131034,0.20883810210991,-3.03624168542444,0.00239547267263294,0.0439497816154913,"ndufs5","DOWN","ndufs5"
"ENSDARG00000001559","ENSDARG00000001559",241.665597091946,0.532080576610903,0.158857212153067,3.34942662910523,0.000809789998777678,0.0219714829600607,"csmd2","UP","csmd2"
"ENSDARG00000054848","ENSDARG00000054848",755.927800930132,0.530637878114132,0.13286639260917,3.99377049149681,6.50308134456367e-05,0.00367639559506372,"pdk4","UP","pdk4"
"ENSDARG00000027899","ENSDARG00000027899",819.247775598347,-0.552898372077261,0.175114143854036,-3.15735987915471,0.00159204729932476,0.0335459535309584,"sem1","DOWN","sem1"
"ENSDARG00000043137","ENSDARG00000043137",246.710814557855,-0.566094009274283,0.169063283365428,-3.34841485392591,0.000812752505237367,0.021980622148127,"cdca8","DOWN","cdca8"
"ENSDARG00000007480","ENSDARG00000007480",541.476727030656,1.29780002630918,0.183437182636324,7.07490165111263,1.4955478859541e-12,1.16958076131135e-09,"rpe65a","UP","rpe65a"
"ENSDARG00000104726","ENSDARG00000104726",186.182413942876,-0.543456397488012,0.146554916644865,-3.70820993201428,0.00020872958108241,0.00853517539724567,"si:ch211-162e15.3","DOWN","si:ch211-162e15.3"
"ENSDARG00000075181","ENSDARG00000075181",59.6886766781695,0.845217386461015,0.283303802919811,2.98343113558646,0.00285036170423825,0.0483711020134247,"crfb16","UP","crfb16"
"ENSDARG00000039272","ENSDARG00000039272",218.890041515537,0.518310782859766,0.136991293791941,3.78353082530167,0.00015461916495558,0.00676467857121511,"pls1","UP","pls1"
"ENSDARG00000069295","ENSDARG00000069295",239.904505751688,0.844054947860148,0.1811155195013,4.66031265671902,3.15729419584079e-06,0.000354845836896622,"bcl6ab","UP","bcl6ab"
"ENSDARG00000115547","ENSDARG00000115547",172.296494372141,0.537998344892192,0.160781601787695,3.34614370618471,0.000819439149522587,0.0220297032614689,"CABZ01026681.1","UP","CABZ01026681.1"
"ENSDARG00000013856","ENSDARG00000013856",91.6389708996418,1.11712885119188,0.277915647862157,4.01966877282836,5.82800197409879e-05,0.00342902097341254,"amy2a","UP","amy2a"
"ENSDARG00000069018","ENSDARG00000069018",235.77599230477,1.04698796150559,0.175750237755941,5.95724918995281,2.56518957146641e-09,8.44667422225492e-07,"cyp7a1","UP","cyp7a1"
"ENSDARG00000077201","ENSDARG00000077201",143.458730544827,0.787120156243608,0.16365002134826,4.80977729033444,1.51098552185055e-06,0.000187812498408033,"myo7bb","UP","myo7bb"
"ENSDARG00000055595","ENSDARG00000055595",47.95279394477,0.677674546281188,0.225527426651394,3.00484316405868,0.00265717824991902,0.0466098865165701,"clul1","UP","clul1"
"ENSDARG00000038694","ENSDARG00000038694",126.899127530383,1.11279846654799,0.164786796006408,6.75295893552489,1.44859952047636e-11,9.37543599993823e-09,"zgc:101744","UP","zgc:101744"
"ENSDARG00000095191","ENSDARG00000095191",113.444499132891,0.55954842923508,0.17617412626241,3.17611014231249,0.00149264267384576,0.0322386770372969,"si:dkey-57k2.7","UP","si:dkey-57k2.7"
"ENSDARG00000054290","ENSDARG00000054290",460.162520475918,-1.22183480663745,0.225075314849876,-5.42855980209295,5.68106106905194e-08,1.17173445280259e-05,"acin1a","DOWN","acin1a"
"ENSDARG00000075445","ENSDARG00000075445",213.628899830814,-1.08512723767743,0.288491362130318,-3.76138553911799,0.000168974742805672,0.0072243438444639,"psmb5","DOWN","psmb5"
"ENSDARG00000068431","ENSDARG00000068431",129.12101645735,0.514405762173566,0.161011285467411,3.1948428998642,0.00139906975005286,0.0308632288873127,"si:ch211-195h23.3","UP","si:ch211-195h23.3"
"ENSDARG00000038585","ENSDARG00000038585",219.314521746724,-0.508752283447649,0.125305730169957,-4.06008793658207,4.90542375543809e-05,0.00295095828416082,"eif4e2","DOWN","eif4e2"
"ENSDARG00000034503","ENSDARG00000034503",975.581476712853,-1.4544468677235,0.0973193155714435,-14.9450996360098,1.67640253871032e-50,3.1464399249054e-46,"per2","DOWN","per2"
"ENSDARG00000017780","ENSDARG00000017780",658.906948021981,0.636419503841259,0.113944765329522,5.58533340255488,2.33252295545827e-08,5.54166118367042e-06,"rorcb","UP","rorcb"
"ENSDARG00000110341","ENSDARG00000110341",50.7107294804244,0.756674691135078,0.225684934085552,3.35279221983086,0.000800007401053035,0.0217970085166238,"hsd11b1lb","UP","hsd11b1lb"
"ENSDARG00000078442","ENSDARG00000078442",179.118523937538,-0.612739751880942,0.149964068967381,-4.08591041907659,4.39043165616669e-05,0.00274014379353536,"AL954696.1","DOWN","AL954696.1"
"ENSDARG00000111587","ENSDARG00000111587",52.9656485740547,1.00633820912791,0.242554179519792,4.148921330155,3.34045574393969e-05,0.00221544218579519,"CABZ01103860.1","UP","CABZ01103860.1"
"ENSDARG00000043514","ENSDARG00000043514",27.7690564866568,1.24162124906515,0.411497196820924,3.01732614136247,0.0025501527838118,0.0454979254746803,"si:dkey-239i20.4","UP","si:dkey-239i20.4"
"ENSDARG00000042953","ENSDARG00000042953",45.7095622792898,0.802240028258354,0.227156895405071,3.53165606893764,0.000412966088373147,0.0140415951316587,"cyp2n13","UP","cyp2n13"
"ENSDARG00000018485","ENSDARG00000018485",25.2951981796908,1.02376843184281,0.336514573316182,3.04227071580907,0.00234800620702567,0.043375717027229,"cyp2v1","UP","cyp2v1"
"ENSDARG00000042978","ENSDARG00000042978",140.730962484563,0.512719035970959,0.15588417517663,3.28910253648264,0.0010050740095424,0.0247420427931821,"cyp2p6","UP","cyp2p6"
"ENSDARG00000042982","ENSDARG00000042982",176.892340691917,0.717090365849734,0.171854246848583,4.17266595966957,3.01056161579896e-05,0.00203990003490725,"cyp2p8","UP","cyp2p8"
"ENSDARG00000056099","ENSDARG00000056099",90.1734828760768,-0.897624786776145,0.206854671266216,-4.33939819333801,1.42873436110765e-05,0.00117613663261533,"gtf2h5","DOWN","gtf2h5"
"ENSDARG00000069808","ENSDARG00000069808",316.920108124567,0.616630088663542,0.168342054775465,3.66295926164145,0.000249318201974528,0.00966829201004116,"ostm1","UP","ostm1"
"ENSDARG00000028163","ENSDARG00000028163",137.466530469321,0.688134464906296,0.20025758202446,3.43624674756257,0.000589833510517812,0.0180891914361255,"prg4b","UP","prg4b"
"ENSDARG00000091757","ENSDARG00000091757",306.971664253456,0.519769810779625,0.106885438337539,4.8628683089479,1.15696825766241e-06,0.000150799564083791,"adgrf6","UP","adgrf6"
"ENSDARG00000042829","ENSDARG00000042829",199.705239671089,0.778146277374021,0.228241698540206,3.40930812533778,0.000651278741994214,0.0193721881275585,"si:dkey-30j22.1","UP","si:dkey-30j22.1"
"ENSDARG00000079045","ENSDARG00000079045",57.6524859176152,0.692828267520367,0.228781515593852,3.02834022985633,0.00245901066357993,0.0447654424294197,"opn8b","UP","opn8b"
"ENSDARG00000016011","ENSDARG00000016011",1403.33985722337,0.767512157053419,0.173548301165691,4.42247000920312,9.75788975248316e-06,0.000893394306167592,"gpcpd1","UP","gpcpd1"
"ENSDARG00000087456","ENSDARG00000087456",76.2464266313182,-1.31166650078628,0.27385546453391,-4.78963055573377,1.67088657581364e-06,0.000206321514088461,"NDUFB1","DOWN","NDUFB1"
"ENSDARG00000092470","ENSDARG00000092470",62.8153860857758,0.767791230383853,0.246882827174453,3.10994182613323,0.00187124193899327,0.0370853480825905,"thbd","UP","thbd"
"ENSDARG00000052322","ENSDARG00000052322",240.141997462783,0.665572912578608,0.155845828280662,4.27071369135388,1.94848420711371e-05,0.00145273980217901,"tlr5b","UP","tlr5b"
"ENSDARG00000044415","ENSDARG00000044415",60.103479230787,0.701328686454114,0.211344766256027,3.31841047629497,0.00090531337419738,0.0232764749593296,"tlr5a","UP","tlr5a"
"ENSDARG00000110608","ENSDARG00000110608",89.6500971941388,-0.66222740644176,0.196774361822654,-3.36541508918019,0.000764285866577968,0.0211888942833115,"CABZ01115113.1","DOWN","CABZ01115113.1"
"ENSDARG00000024746","ENSDARG00000024746",2834.82084280416,-0.76820889626558,0.131966498525008,-5.82124179130208,5.84119932558711e-09,1.68666877141453e-06,"hsp90aa1.2","DOWN","hsp90aa1.2"
"ENSDARG00000099865","ENSDARG00000099865",4624.8182286499,-0.51990935430032,0.152343351590753,-3.41274725067738,0.000643115581572175,0.0192207585199493,"hnrnpabb","DOWN","hnrnpabb"
"ENSDARG00000087100","ENSDARG00000087100",100.707416579915,0.511486619194268,0.16150961104014,3.16691134292403,0.00154067280963783,0.0328228013213307,"ntng2b","UP","ntng2b"
"ENSDARG00000034291","ENSDARG00000034291",4132.90823781384,-0.634158374106878,0.143637596822735,-4.41498875040009,1.01015243263614e-05,0.000920366553793582,"rpl37","DOWN","rpl37"
"ENSDARG00000104775","ENSDARG00000104775",65.630279510434,0.62752756040387,0.201526875005093,3.11386538588469,0.00184653715740384,0.0367525513333114,"ly6m2","UP","ly6m2"
"ENSDARG00000018334","ENSDARG00000018334",5708.69483697737,-0.514313621905325,0.166415313388909,-3.09054263956698,0.00199791116077661,0.0388186279261037,"rpl35","DOWN","rpl35"
"ENSDARG00000063706","ENSDARG00000063706",27.8480055113286,1.15219426634188,0.358749366260426,3.21169700828258,0.00131953462215773,0.0296317232979875,"pde8b","UP","pde8b"
"ENSDARG00000016570","ENSDARG00000016570",468.968412565366,0.511976529351689,0.141172553603376,3.62660103740905,0.000287176480487388,0.0107157363066954,"prlra","UP","prlra"
"ENSDARG00000069988","ENSDARG00000069988",164.737583108705,0.517825726801817,0.131786903322008,3.92926545619304,8.52057382541586e-05,0.00439347939915468,"arid6","UP","arid6"
"ENSDARG00000029822","ENSDARG00000029822",113.265976189003,1.77992015694685,0.284766325820225,6.25045869387844,4.09248962168446e-10,1.70693194909768e-07,"cel.2","UP","cel.2"
"ENSDARG00000017490","ENSDARG00000017490",151.02310631307,1.53894942243403,0.309808274959605,4.96742516846812,6.78477262087119e-07,9.64722706978268e-05,"cel.1","UP","cel.1"
"ENSDARG00000016396","ENSDARG00000016396",118.780583971095,0.63935168632847,0.193566157555804,3.30301378299639,0.000956516863141552,0.0240978053749044,"fam219aa","UP","fam219aa"
"ENSDARG00000017388","ENSDARG00000017388",19.233444229274,2.46350983214996,0.62281609532972,3.95543700720479,7.63948763451066e-05,0.00409946925488659,"gstt1b","UP","gstt1b"
"ENSDARG00000001769","ENSDARG00000001769",100.555430797628,0.590338632708518,0.17607644054876,3.35274061009336,0.000800156580955502,0.0217970085166238,"ptpra","UP","ptpra"
"ENSDARG00000005098","ENSDARG00000005098",217.243301212701,-0.58297525650041,0.172440931767735,-3.38072434731236,0.00072295029791289,0.0204983371026453,"zgc:86764","DOWN","zgc:86764"
"ENSDARG00000078113","ENSDARG00000078113",257.526862782452,-0.696560644348363,0.120302289773658,-5.79008633716699,7.03502530558673e-09,1.91362884000808e-06,"atp5mea","DOWN","atp5mea"
"ENSDARG00000062307","ENSDARG00000062307",132.088868835886,-0.766467395956137,0.18731679813881,-4.0918241373534,4.27993182518332e-05,0.00271385271712384,"ccdc61","DOWN","ccdc61"
"ENSDARG00000069441","ENSDARG00000069441",70.655641956013,0.555331418327817,0.184717378630571,3.00638425276954,0.00264374682692929,0.0465046712227139,"lpar6b","UP","lpar6b"
"ENSDARG00000091669","ENSDARG00000091669",187.677189912132,-0.843265651096753,0.14526143951615,-5.80515829875829,6.43052205801325e-09,1.80140997771419e-06,"bicdl2l","DOWN","bicdl2l"
"ENSDARG00000069501","ENSDARG00000069501",44.2100410625114,0.99312261049336,0.238746476986642,4.15973723687208,3.18613929514122e-05,0.00213573744394663,"abhd11","UP","abhd11"
"ENSDARG00000054911","ENSDARG00000054911",440.711333700365,-0.605926017704859,0.157968281958948,-3.83574481022921,0.000125184339399574,0.00583023539997668,"tmsb","DOWN","tmsb"
"ENSDARG00000005551","ENSDARG00000005551",1398.99541745027,-0.644921204111927,0.15961428493268,-4.0404980317641,5.33378127221126e-05,0.00317808700628994,"hnrnph1l","DOWN","hnrnph1l"
"ENSDARG00000089078","ENSDARG00000089078",107.708787103603,-0.62412170474388,0.173688858673922,-3.59333183204104,0.000326476385328096,0.0119214694089942,"si:ch211-160j14.3","DOWN","si:ch211-160j14.3"
"ENSDARG00000076448","ENSDARG00000076448",200.823221525166,0.567286739354073,0.131907065104566,4.30065469885461,1.70294240053051e-05,0.00131533028459083,"serpinf2a","UP","serpinf2a"
"ENSDARG00000105114","ENSDARG00000105114",43.8707069416632,1.04071601557226,0.307669577418524,3.38257693303415,0.000718091615740239,0.0204911639509232,"crebrf","UP","crebrf"
"ENSDARG00000010085","ENSDARG00000010085",289.945868749756,-0.845101074266117,0.183345462869824,-4.60933726440857,4.03954580376946e-06,0.000421212417727494,"p4ha2","DOWN","p4ha2"
"ENSDARG00000095217","ENSDARG00000095217",57.0041172469042,1.20796127220891,0.324195078236074,3.72603211245943,0.000194517633749028,0.00809512520584368,"zgc:66156","UP","zgc:66156"
"ENSDARG00000112287","ENSDARG00000112287",745.151791215016,1.78147673867867,0.248809168675401,7.16001242302614,8.06697501848972e-13,6.8822297328197e-10,"zgc:66156","UP","zgc:66156"
"ENSDARG00000102414","ENSDARG00000102414",5440.43459392579,0.800357009041544,0.134992254086698,5.92891062125326,3.04951009354891e-09,9.70106016030838e-07,"myhz1.1","UP","myhz1.1"
"ENSDARG00000110596","ENSDARG00000110596",272.031877642304,0.632440074994287,0.204113114848192,3.09847838765609,0.00194517157130679,0.0380388463189278,"CABZ01079179.1","UP","CABZ01079179.1"
"ENSDARG00000042147","ENSDARG00000042147",512.53494769198,-0.566612930070537,0.136439129503047,-4.15286239463937,3.28342195676921e-05,0.00218533853569508,"rbbp5","DOWN","rbbp5"
"ENSDARG00000071555","ENSDARG00000071555",178.853853019305,-0.685306243060218,0.180510106124066,-3.79649792344147,0.000146754591417273,0.00651167122059292,"zgc:153675","DOWN","zgc:153675"
"ENSDARG00000044524","ENSDARG00000044524",47.7340789396242,0.881792820139329,0.280134534377777,3.14774764238879,0.00164533671228578,0.0343125830587686,"def6b","UP","def6b"
"ENSDARG00000071670","ENSDARG00000071670",620.228735199987,-0.658596081415787,0.186872045376208,-3.52431568932588,0.000424578076252229,0.0142811933927923,"tma7","DOWN","tma7"
"ENSDARG00000043171","ENSDARG00000043171",141.985218147114,0.95436675827468,0.154463323238359,6.17859785913031,6.46733965196802e-10,2.42770995855576e-07,"cela1.4","UP","cela1.4"
"ENSDARG00000092890","ENSDARG00000092890",52.518483140804,1.24600325049302,0.284805236585054,4.37493097189215,1.21470910643881e-05,0.00106536800087617,"si:ch73-44m9.5","UP","si:ch73-44m9.5"
"ENSDARG00000008306","ENSDARG00000008306",120.151722556081,1.20177998290916,0.191992088311473,6.2595286789083,3.86142720892262e-10,1.64716198373338e-07,"rdh5","UP","rdh5"
"ENSDARG00000020467","ENSDARG00000020467",2185.10198228903,-0.803083693013778,0.15555785783562,-5.16260447519408,2.43537369461262e-07,4.00960779598107e-05,"safb","DOWN","safb"
"ENSDARG00000071468","ENSDARG00000071468",209.030478239725,-0.57513867509655,0.183949973590867,-3.12660373833891,0.00176838103084381,0.0358818849382783,"mrpl54","DOWN","mrpl54"
"ENSDARG00000071462","ENSDARG00000071462",114.194939393386,0.874637756770786,0.249407767425344,3.50685853050906,0.000453430142458463,0.014826533700005,"lama3","UP","lama3"
"ENSDARG00000061735","ENSDARG00000061735",3225.09576613972,-0.616675745254864,0.15613613952182,-3.94960287313035,7.82809619596413e-05,0.0041740209517628,"hnrnpm","DOWN","hnrnpm"
"ENSDARG00000029057","ENSDARG00000029057",113.324514059086,1.40512093002637,0.164451563675515,8.54428439974493,1.29335176316853e-17,2.42749192429102e-14,"tm6sf2","UP","tm6sf2"
"ENSDARG00000041600","ENSDARG00000041600",59.9150769777275,-0.754273802719336,0.204674009626012,-3.68524466832684,0.000228483041158248,0.00916324401602385,"wdr83","DOWN","wdr83"
"ENSDARG00000078388","ENSDARG00000078388",291.094947247684,0.539037080512272,0.154888531749845,3.4801613419827,0.000501111908646602,0.0158949965307976,"glis2a","UP","glis2a"
"ENSDARG00000061256","ENSDARG00000061256",145.830855634522,-0.648925420719406,0.195150189210575,-3.32526155031901,0.000883356248209564,0.0230159540975987,"si:dkey-44g23.5","DOWN","si:dkey-44g23.5"
"ENSDARG00000099867","ENSDARG00000099867",67.6915993696577,-1.03196317241105,0.29044307727933,-3.55306513784994,0.000380770167927739,0.0133085200779064,"si:ch73-103b2.1","DOWN","si:ch73-103b2.1"
"ENSDARG00000070913","ENSDARG00000070913",1172.01460427614,-0.521346293682063,0.137507478347398,-3.79140320183123,0.000149798532247298,0.00657946562496226,"sox2","DOWN","sox2"
"ENSDARG00000053774","ENSDARG00000053774",21.295151700414,1.44619113491058,0.432370620729701,3.34479510302962,0.000823433780832069,0.0220471164514081,"alpi.2","UP","alpi.2"
"ENSDARG00000036864","ENSDARG00000036864",450.8315830975,0.791883621143465,0.130864245582901,6.05118393963322,1.43785157055364e-09,5.09189360900402e-07,"slc34a2b","UP","slc34a2b"
"ENSDARG00000009886","ENSDARG00000009886",154.332906486465,0.584223567148633,0.167147831204361,3.49525065888733,0.000473616741000172,0.0153524183567183,"rnf114","UP","rnf114"
"ENSDARG00000017986","ENSDARG00000017986",87.5676480367103,0.76593555834416,0.235780897929035,3.24850556203535,0.00116012940686931,0.0273892689780251,"vps13d","UP","vps13d"
"ENSDARG00000074245","ENSDARG00000074245",729.969090438279,0.634982655984863,0.171116613541973,3.71081827089285,0.000206590377326937,0.00852196657593248,"spen","UP","spen"
"ENSDARG00000092807","ENSDARG00000092807",21.0709088591531,-2.06194221700867,0.421928524206161,-4.88694671896886,1.02411794680403e-06,0.000136323898890531,"si:dkey-151g10.6","DOWN","si:dkey-151g10.6"
"ENSDARG00000055899","ENSDARG00000055899",123.038072331723,-0.637662200833427,0.196696350046033,-3.24186087176602,0.00118751980406954,0.027797328223606,"lzic","DOWN","lzic"
"ENSDARG00000033760","ENSDARG00000033760",494.761480918377,0.665617364744189,0.130844126024692,5.08710161447046,3.63577055837452e-07,5.59342439427307e-05,"pmelb","UP","pmelb"
"ENSDARG00000036675","ENSDARG00000036675",2725.79125004958,-0.569058968723013,0.17687171704706,-3.21735423969228,0.00129378748349982,0.0291864149973656,"hnrnpa1b","DOWN","hnrnpa1b"
"ENSDARG00000059700","ENSDARG00000059700",87.702234413724,0.550910329977978,0.173075893848636,3.18305639062468,0.00145729229641746,0.0315842022072279,"agmat","UP","agmat"
"ENSDARG00000005913","ENSDARG00000005913",45.5369339414433,1.80300849157312,0.34323649055624,5.25296272739302,1.49671834107778e-07,2.75410848467538e-05,"tgm1l3","UP","tgm1l3"
"ENSDARG00000070227","ENSDARG00000070227",64.9184288020813,0.876839048228555,0.250975748306919,3.49372022653067,0.000476339922994374,0.0153879931405876,"nhsa","UP","nhsa"
"ENSDARG00000103766","ENSDARG00000103766",131.376564581689,0.594577201985771,0.160366024770636,3.70762574451893,0.000209211539936253,0.00853628563709462,"cyp2aa7","UP","cyp2aa7"
"ENSDARG00000002240","ENSDARG00000002240",933.685924922239,-0.585274098282492,0.166460324198252,-3.51599758742172,0.000438104965222827,0.014595957462891,"psmb6","DOWN","psmb6"
"ENSDARG00000021909","ENSDARG00000021909",25.1039810053144,1.370266954071,0.392533477605239,3.49082825350515,0.000481525686694576,0.0154756089273468,"VSTM2A","UP","VSTM2A"
"ENSDARG00000045442","ENSDARG00000045442",729.765144841863,0.964555923963858,0.100302537381607,9.61646583569609,6.81319080367023e-22,2.55753556388173e-18,"cpb1","UP","cpb1"
"ENSDARG00000011404","ENSDARG00000011404",371.425100520807,-0.55101912418582,0.15438171162104,-3.56919947576694,0.000358073712485226,0.0127527239272015,"fen1","DOWN","fen1"
"ENSDARG00000019332","ENSDARG00000019332",189.864958415058,-0.697122141261186,0.187742989452845,-3.71317269045767,0.000204677122515674,0.00846164077642441,"ndufb4","DOWN","ndufb4"
"ENSDARG00000090346","ENSDARG00000090346",150.971847839865,0.846242497292936,0.181666845244639,4.65821100241685,3.18969189529745e-06,0.000356353137993082,"zmp:0000000991","UP","zmp:0000000991"
"ENSDARG00000008275","ENSDARG00000008275",1408.26156921781,0.883900315359073,0.119261211994177,7.41146514092299,1.24911633935988e-13,1.37909791608503e-10,"klhl24b","UP","klhl24b"
"ENSDARG00000055653","ENSDARG00000055653",142.891760646015,-0.636807444843037,0.171708017010354,-3.70866460361393,0.000208355195606502,0.00853517539724567,"nubp2","DOWN","nubp2"
"ENSDARG00000061355","ENSDARG00000061355",49.2167711800267,1.6539441547507,0.249431507897898,6.6308549737338,3.33748026045097e-11,1.89821718207286e-08,"aoc1","UP","aoc1"
"ENSDARG00000106473","ENSDARG00000106473",59.9227656537293,0.825518717874894,0.263471235709062,3.13324039208011,0.00172887782282641,0.0353093665469303,"KCNH2","UP","KCNH2"
"ENSDARG00000059308","ENSDARG00000059308",234.145087860817,-0.536954422615723,0.152471420371576,-3.5216725948191,0.000428833412477791,0.0143817649303914,"golt1bb","DOWN","golt1bb"
"ENSDARG00000102145","ENSDARG00000102145",69.4618420661106,-0.747402179966661,0.243755809863752,-3.06619226997882,0.00216803850846059,0.0409550044886322,"ccdc77","DOWN","ccdc77"
"ENSDARG00000069673","ENSDARG00000069673",186.497884924631,-0.52653337683894,0.150402458870582,-3.50082957946858,0.000463812338948214,0.0150871642802756,"chid1","DOWN","chid1"
"ENSDARG00000089390","ENSDARG00000089390",161.075961357096,0.555029423160803,0.134102331614422,4.13884991020628,3.49051198248255e-05,0.00229067899997255,"pnpla2","UP","pnpla2"
"ENSDARG00000098791","ENSDARG00000098791",52.2622515171025,0.68365177437318,0.209815213384092,3.2583517817732,0.0011206139787627,0.0267592923249327,"cdhr5b","UP","cdhr5b"
"ENSDARG00000101164","ENSDARG00000101164",46.6991628618984,-0.975452316349044,0.275478476536242,-3.54093840148238,0.000398706649989922,0.0136806674838407,"nansb","DOWN","nansb"
"ENSDARG00000100918","ENSDARG00000100918",310.775832175748,-0.644475268563679,0.165455667090068,-3.89515378891708,9.8136444006199e-05,0.00493555573141732,"prc1a","DOWN","prc1a"
"ENSDARG00000017444","ENSDARG00000017444",425.648152007272,0.574578377457427,0.117806511750286,4.87730575263409,1.07544667991227e-06,0.000141154256890023,"hal","UP","hal"
"ENSDARG00000070331","ENSDARG00000070331",1675.55865392947,0.667944334051276,0.18173140127565,3.67544810287431,0.000237432304245975,0.0093621153747746,"muc5.1","UP","muc5.1"
"ENSDARG00000103878","ENSDARG00000103878",383.751826579485,1.04962275075468,0.19743020368874,5.3164243927412,1.05826165257548e-07,1.98625129571891e-05,"anpepb","UP","anpepb"
"ENSDARG00000097285","ENSDARG00000097285",220.339877150285,0.665500070963761,0.190515779339227,3.49314935105082,0.000477359447757064,0.015394432087547,"ANPEP","UP","ANPEP"
"ENSDARG00000099424","ENSDARG00000099424",180.293872839283,0.545720750796869,0.157956479596677,3.45488043409362,0.000550536909677424,0.0171360319365432,"lcat","UP","lcat"
"ENSDARG00000102403","ENSDARG00000102403",260.273121158835,-0.569614725486507,0.121688325382545,-4.68093158235058,2.85574240830183e-06,0.000330860674453192,"cry2","DOWN","cry2"
"ENSDARG00000043722","ENSDARG00000043722",210.482036977955,1.01241420738211,0.178098494335808,5.68457476947103,1.31138540713601e-08,3.28178569420477e-06,"cpa4","UP","cpa4"
"ENSDARG00000070914","ENSDARG00000070914",207.120792966486,0.96377869384937,0.175408476145795,5.49448188038704,3.91859155475562e-08,8.86121022785641e-06,"dusp6","UP","dusp6"
"ENSDARG00000030915","ENSDARG00000030915",56.7023482711202,0.941654451410681,0.218532448270738,4.30899145121036,1.64000706607256e-05,0.0012895335941646,"cpa1","UP","cpa1"
"ENSDARG00000021339","ENSDARG00000021339",1315.80916542793,0.944476593715622,0.160734282450766,5.87601213204111,4.20267538369123e-09,1.26618545267017e-06,"cpa5","UP","cpa5"
"ENSDARG00000045808","ENSDARG00000045808",186.229421518133,1.04754378686415,0.182940285963532,5.72615146711299,1.02734504071864e-08,2.67808875961779e-06,"rlbp1b","UP","rlbp1b"
"ENSDARG00000022045","ENSDARG00000022045",31.2859232157731,1.99723490918119,0.473127088867494,4.22134973070744,2.42843820368465e-05,0.00171350964830666,"map1ab","UP","map1ab"
"ENSDARG00000019686","ENSDARG00000019686",42.8056286567481,0.811891762198293,0.264192963332441,3.07310138755159,0.00211846499050104,0.0403260338810487,"fgl2b","UP","fgl2b"
"ENSDARG00000077569","ENSDARG00000077569",100.279363020564,0.899030839560744,0.231175202845538,3.88895880048797,0.000100675204828751,0.00501212975976347,"lrrn3a","UP","lrrn3a"
"ENSDARG00000088813","ENSDARG00000088813",141.293475108278,1.26614201479917,0.28069836655555,4.51068536784166,6.46185054806282e-06,0.000628406595526379,"ppp1r3ab","UP","ppp1r3ab"
"ENSDARG00000044034","ENSDARG00000044034",100.712789738505,0.958847433375362,0.262513417618029,3.65256542722908,0.000259633414496563,0.00996535696663804,"tmem86a","UP","tmem86a"
"ENSDARG00000093640","ENSDARG00000093640",35.2113482261719,1.05961013492387,0.294295796859766,3.60049360619574,0.000317613639571233,0.0116659303348581,"ugt5a2","UP","ugt5a2"
"ENSDARG00000101726","ENSDARG00000101726",1060.27643727123,0.734723913362312,0.162557977545408,4.51976534438046,6.19082112023414e-06,0.000608353516260076,"ces2b","UP","ces2b"
"ENSDARG00000017562","ENSDARG00000017562",169.964908310169,-0.539043636859538,0.136752105757184,-3.94175748793705,8.08867385075121e-05,0.00430074559503539,"banp","DOWN","banp"
"ENSDARG00000100731","ENSDARG00000100731",183.603920060357,0.67317361667379,0.136754041080888,4.9225135239376,8.5439658085168e-07,0.000117913010485332,"zgc:101540","UP","zgc:101540"
"ENSDARG00000086569","ENSDARG00000086569",160.376562495413,1.014387052434,0.207538489572095,4.88770567100814,1.02017895661386e-06,0.000136323898890531,"zgc:172051","UP","zgc:172051"
"ENSDARG00000079544","ENSDARG00000079544",388.194529247051,0.570052030448259,0.155352216421112,3.6694167845216,0.000243104455438284,0.0095058906752524,"si:ch1073-464p5.5","UP","si:ch1073-464p5.5"
"ENSDARG00000093476","ENSDARG00000093476",47.4304501219371,1.19675236904516,0.329823489120042,3.62846312807513,0.0002851134602415,0.0106812266173108,"si:dkey-175d9.2","UP","si:dkey-175d9.2"
"ENSDARG00000104593","ENSDARG00000104593",66.4081151335171,1.20757573162667,0.218318329203727,5.53126132849709,3.17936244026064e-08,7.45918170515648e-06,"cyp2k18","UP","cyp2k18"
"ENSDARG00000105151","ENSDARG00000105151",27.3414810064546,1.00732174032843,0.337187495276299,2.9874231827696,0.00281339987651343,0.0481355535845767,"cyp2k21","UP","cyp2k21"
"ENSDARG00000028485","ENSDARG00000028485",35.7720611091005,-8.43347199132691,2.62115718094378,-3.21746137646363,0.00129330438832469,0.0291864149973656,"cabp5b","DOWN","cabp5b"
"ENSDARG00000011360","ENSDARG00000011360",66.1044150088632,-0.727822886872057,0.201066915796359,-3.61980430241044,0.00029482590811843,0.0109575989494551,"nfatc2ip","DOWN","nfatc2ip"
"ENSDARG00000038296","ENSDARG00000038296",631.536438981142,0.906963724969607,0.158688999241341,5.71535348578421,1.0947621124435e-08,2.81473836828109e-06,"tmem86b","UP","tmem86b"
"ENSDARG00000089749","ENSDARG00000089749",116.330375473135,-0.754543903058543,0.212497825284299,-3.55083117697343,0.000384016658773114,0.0133970421347817,"aqp8b","DOWN","aqp8b"
"ENSDARG00000029476","ENSDARG00000029476",793.279784619501,0.529208801915252,0.139536445909352,3.79262061941184,0.000149065804108644,0.00657946562496226,"ldlra","UP","ldlra"
"ENSDARG00000061858","ENSDARG00000061858",195.864381736905,0.85533073212793,0.220646731993389,3.87647133678625,0.00010598228846068,0.00520728160240445,"zgc:153968","UP","zgc:153968"
"ENSDARG00000033160","ENSDARG00000033160",204.855562051205,-0.692833041286676,0.137689326767978,-5.03185728007935,4.8575083357846e-07,7.2936459163473e-05,"nr1d1","DOWN","nr1d1"
"ENSDARG00000016483","ENSDARG00000016483",47.4071529181268,0.714146789429988,0.238029550410847,3.00024424781439,0.00269763191768365,0.0470556258949855,"baiap2l2a","UP","baiap2l2a"
"ENSDARG00000038066","ENSDARG00000038066",1498.13338451919,-0.510285404440065,0.165231509656928,-3.08830564763087,0.00201301315822038,0.0389909638458601,"kpna2","DOWN","kpna2"
"ENSDARG00000101707","ENSDARG00000101707",208.133287523566,-0.637962002958727,0.136564206995021,-4.6715169149848,2.98983472437345e-06,0.000342691933468979,"si:ch211-156b7.4","DOWN","si:ch211-156b7.4"
"ENSDARG00000088711","ENSDARG00000088711",1213.02105122244,-0.663619043628623,0.163286268539491,-4.06414482714524,4.82088865809208e-05,0.00291881481366872,"lgals1l1","DOWN","lgals1l1"
"ENSDARG00000030157","ENSDARG00000030157",144.500956840868,0.644346567557605,0.160106335505235,4.02449138270694,5.70985847330688e-05,0.00338070453266551,"mybpc2a","UP","mybpc2a"
"ENSDARG00000060246","ENSDARG00000060246",942.287681547965,0.937202126049699,0.10437603476749,8.97909302779538,2.73007871732432e-19,6.40510593068253e-16,"slc16a6b","UP","slc16a6b"
"ENSDARG00000103743","ENSDARG00000103743",334.915520930455,0.621399297765239,0.155147358799465,4.00521995716618,6.19597992265763e-05,0.00353472179843043,"si:dkeyp-72e1.9","UP","si:dkeyp-72e1.9"
"ENSDARG00000090340","ENSDARG00000090340",73.5772391424703,1.02913194915444,0.277406739831711,3.70983037318692,0.00020739815778719,0.00852601854222867,"si:dkey-27o4.1","UP","si:dkey-27o4.1"
"ENSDARG00000037867","ENSDARG00000037867",1340.00735014482,-0.674944821018743,0.200451138344124,-3.36712890031102,0.000759551768439158,0.0211200402101253,"atp5mf","DOWN","atp5mf"
"ENSDARG00000037873","ENSDARG00000037873",38.9093474330577,0.948738694133346,0.273639489379209,3.46711176915911,0.000526083089231071,0.016484229552217,"cyp3c3","UP","cyp3c3"
"ENSDARG00000102583","ENSDARG00000102583",161.886692701425,0.710196817174705,0.16660594032453,4.26273406453166,2.01940793745648e-05,0.00148055732727034,"il4r.1","UP","il4r.1"
"ENSDARG00000099383","ENSDARG00000099383",179.697707364464,-0.925252258575778,0.135053789767464,-6.85099070650947,7.3340281316953e-12,4.91615621442104e-09,"dnajb1a","DOWN","dnajb1a"
"ENSDARG00000095312","ENSDARG00000095312",90.9566982439856,0.653332951329007,0.213045447842992,3.06663652260007,0.00216481924221681,0.0409550044886322,"sc:d0202","UP","sc:d0202"
"ENSDARG00000087390","ENSDARG00000087390",6625.04430309868,-0.530465900118948,0.102668291064294,-5.16679390121294,2.38143608733838e-07,3.99081910029054e-05,"hbbe1.3","DOWN","hbbe1.3"
"ENSDARG00000079305","ENSDARG00000079305",11409.8868605536,-0.503864479757404,0.130485108396238,-3.86147113605747,0.000112706329053184,0.00545650300505296,"hbae3","DOWN","hbae3"
"ENSDARG00000089291","ENSDARG00000089291",58.2209043645282,-0.664933871351677,0.22211485907905,-2.99364875501206,0.00275663093181257,0.0474671614304497,"cenpx","DOWN","cenpx"
"ENSDARG00000077732","ENSDARG00000077732",1504.96055788876,-0.663366541185912,0.15740592682908,-4.21436825505453,2.50478310699777e-05,0.00175418933340452,"alyref","DOWN","alyref"
"ENSDARG00000096118","ENSDARG00000096118",123.003312964811,-0.878826639199224,0.208910382640055,-4.20671595204251,2.59108479652022e-05,0.00180333485293976,"ost4","DOWN","ost4"
"ENSDARG00000045858","ENSDARG00000045858",86.213814012405,-0.766699367405403,0.258333399914691,-2.96786775406737,0.00299873319511545,0.0498042370251777,"tigarb","DOWN","tigarb"
"ENSDARG00000045842","ENSDARG00000045842",1034.68626082911,0.61857743902304,0.0836550732777838,7.39438045758445,1.42069099433091e-13,1.48138607069982e-10,"zgc:113263","UP","zgc:113263"
"ENSDARG00000039185","ENSDARG00000039185",669.781026289128,-0.552758469303501,0.181263871986263,-3.04946850823859,0.00229246666035961,0.042643515112279,"nfyba","DOWN","nfyba"
"ENSDARG00000045706","ENSDARG00000045706",51.7122776109539,-1.41299592366214,0.272583561244273,-5.18371657194655,2.17507391672516e-07,3.67783444531663e-05,"tspan9b","DOWN","tspan9b"
"ENSDARG00000045768","ENSDARG00000045768",1033.80932652537,-0.983102752068537,0.0974703141881333,-10.0861760860952,6.35989478422726e-24,2.98422163012904e-20,"cry1a","DOWN","cry1a"
"ENSDARG00000003615","ENSDARG00000003615",74.176645000436,0.691749817093988,0.231916435158407,2.98275461427086,0.00285666927867969,0.0484343502181926,"slc26a3.2","UP","slc26a3.2"
"ENSDARG00000001953","ENSDARG00000001953",522.35984045909,0.663899425435935,0.142991893552648,4.64291652443568,3.43525167897319e-06,0.000374861853271208,"pfkfb3","UP","pfkfb3"
"ENSDARG00000042469","ENSDARG00000042469",378.516154573627,-0.583065515631702,0.17260357389688,-3.37806166157399,0.00072998709955592,0.0205559545763626,"ndufa12","DOWN","ndufa12"
"ENSDARG00000029071","ENSDARG00000029071",145.399158014143,-0.575533827900102,0.169210356861673,-3.40129196920607,0.000670681536690278,0.0195466176430743,"creld2","DOWN","creld2"
"ENSDARG00000098406","ENSDARG00000098406",56.4560676033963,0.713030769016059,0.206023680383752,3.46091656885231,0.000538339624462099,0.0168121404517956,"si:dkey-22a18.2","UP","si:dkey-22a18.2"
"ENSDARG00000105306","ENSDARG00000105306",29.641696903281,0.875151593531444,0.286728949284423,3.05219126187126,0.00227177297224319,0.0423425093505783,"si:dkeyp-44b5.5","UP","si:dkeyp-44b5.5"
"ENSDARG00000102215","ENSDARG00000102215",62.0718838836988,0.752169697733188,0.20462380637997,3.6758660247795,0.00023704390601672,0.0093621153747746,"si:ch211-227e10.6","UP","si:ch211-227e10.6"
"ENSDARG00000101388","ENSDARG00000101388",53.645727437247,0.780281964781613,0.226262284695324,3.4485728181889,0.000563557493104891,0.0174257176080489,"si:ch211-171l17.14","UP","si:ch211-171l17.14"
"ENSDARG00000115029","ENSDARG00000115029",42.1779673820972,0.834964936085062,0.248991477025137,3.35338761816641,0.000798288245093328,0.0217970085166238,"si:dkeyp-123a12.2","UP","si:dkeyp-123a12.2"
"ENSDARG00000025046","ENSDARG00000025046",23.9469982012968,1.27149419069435,0.42052524770574,3.02358585514482,0.00249798138483603,0.0450022894983388,"AL935186.1","UP","AL935186.1"
"ENSDARG00000103846","ENSDARG00000103846",5888.78253999016,-0.938397188568934,0.0877008212501012,-10.6999817697585,1.0179824277835e-26,6.36883739568948e-23,"hspa5","DOWN","hspa5"
"ENSDARG00000023759","ENSDARG00000023759",136.643294188257,0.867047063093617,0.254423802786646,3.40788500760168,0.000654684779519365,0.0194119725541848,"zgc:73226","UP","zgc:73226"
"ENSDARG00000093043","ENSDARG00000093043",245.724898076552,0.565038642923228,0.122422536104423,4.61547898698378,3.92189723338444e-06,0.000415543014095432,"ugt2a7","UP","ugt2a7"
"ENSDARG00000110614","ENSDARG00000110614",52.7427446513024,1.03766076451016,0.32987934886351,3.14557661182815,0.00165759774756955,0.034453435353414,"ugt2a7","UP","ugt2a7"
"ENSDARG00000035630","ENSDARG00000035630",89.5433402314658,0.733549308193388,0.242353166949665,3.02677830632905,0.00247175166545965,0.044823485032862,"ypel1","UP","ypel1"
"ENSDARG00000035602","ENSDARG00000035602",227.500322362696,-0.915044319230186,0.200105507027164,-4.57280927858707,4.812281395041e-06,0.000496273129140245,"dao.1","DOWN","dao.1"
"ENSDARG00000020482","ENSDARG00000020482",1434.53865614909,-0.553388642136293,0.123091434767844,-4.4957526344543,6.93242929269324e-06,0.000667255207151587,"nono","DOWN","nono"
"ENSDARG00000035610","ENSDARG00000035610",255.696147578143,-0.643406147214456,0.170597207899701,-3.77149283470532,0.000162273818474287,0.0069855901351924,"zgc:113208","DOWN","zgc:113208"
"ENSDARG00000002264","ENSDARG00000002264",162.019658519043,-0.929909682771062,0.285149365505808,-3.26113186722879,0.00110968420818651,0.0265658965605264,"mrpl41","DOWN","mrpl41"
"ENSDARG00000035519","ENSDARG00000035519",13019.2604262651,0.798880147439151,0.121957810169567,6.55046319976073,5.73588906449272e-11,3.0759114814704e-08,"histh1l","UP","histh1l"
"ENSDARG00000061468","ENSDARG00000061468",40.2537112715885,-1.32921892226771,0.397629156069267,-3.34286080881896,0.000829194805341206,0.022169739745654,"ncaph","DOWN","ncaph"
"ENSDARG00000061110","ENSDARG00000061110",68.8968265863679,0.607596052389938,0.193851754429041,3.13433352295167,0.00172244958814738,0.0352847484452865,"zbtb44","UP","zbtb44"
"ENSDARG00000068088","ENSDARG00000068088",356.018899024981,0.580521073558548,0.159955412092576,3.62926809392711,0.000284225940025088,0.0106812266173108,"tcnba","UP","tcnba"
"ENSDARG00000095930","ENSDARG00000095930",69.6873822378453,0.870372308552469,0.217977407383227,3.99294733798839,6.52570654278318e-05,0.00367810769073566,"myha","UP","myha"
"ENSDARG00000035324","ENSDARG00000035324",588.301812370728,-0.8368771314143,0.147157077357741,-5.6869648843313,1.29317034194498e-08,3.27993434431964e-06,"hnrnpl","DOWN","hnrnpl"
"ENSDARG00000007720","ENSDARG00000007720",38.3116963325271,-1.21723365688725,0.397848487068073,-3.05954074591963,0.00221676631113338,0.0417316819394809,"sub1b","DOWN","sub1b"
"ENSDARG00000076830","ENSDARG00000076830",116.993673326304,0.817192118343854,0.257763968003879,3.17031167960433,0.00152275503391581,0.0326004630865124,"si:dkey-65b12.6","UP","si:dkey-65b12.6"
"ENSDARG00000051923","ENSDARG00000051923",594.092655830647,-0.578600851576737,0.158382596820431,-3.65318452400888,0.000259007960401016,0.00996172214911202,"ccnb1","DOWN","ccnb1"
"ENSDARG00000007034","ENSDARG00000007034",844.787286008444,-0.532957571043366,0.10736394008563,-4.96402768581609,6.90460943837634e-07,9.74380560517937e-05,"hnrpkl","DOWN","hnrpkl"
"ENSDARG00000098511","ENSDARG00000098511",43.4229942774442,1.12321605458186,0.340549270576886,3.29824830538955,0.000972900587223163,0.0241786119842884,"ntrk2b","UP","ntrk2b"
"ENSDARG00000098481","ENSDARG00000098481",195.035012306325,-0.570820104758433,0.178804584175237,-3.19242432956307,0.00141083905559169,0.0310391932592345,"anxa1d","DOWN","anxa1d"
"ENSDARG00000100559","ENSDARG00000100559",24.3110967162685,-1.06124081969826,0.342689978091506,-3.09679560986428,0.00195624704767495,0.0382068687178056,"tor2a","DOWN","tor2a"
"ENSDARG00000097803","ENSDARG00000097803",38.7766955457142,-0.942617206839664,0.266963055096172,-3.53089009451173,0.000414163800195187,0.0140447043825385,"MTRFR","DOWN","MTRFR"
"ENSDARG00000101090","ENSDARG00000101090",25.8152443878568,1.69984760447428,0.440791448379655,3.85635340867638,0.00011509106306439,0.005510571843509,"pappaa","UP","pappaa"
"ENSDARG00000044600","ENSDARG00000044600",58.2134824361985,0.685515090390799,0.216454536703217,3.16701650532147,0.0015401157682847,0.0328228013213307,"plppr2b","UP","plppr2b"
"ENSDARG00000073764","ENSDARG00000073764",260.376430010016,0.569344598971852,0.155900616088585,3.65197144986485,0.000260234822119268,0.00996805587011539,"si:ch211-113j14.1","UP","si:ch211-113j14.1"
"ENSDARG00000044528","ENSDARG00000044528",127.167070230561,1.19357338074772,0.183447269931354,6.50635673779365,7.6995260372869e-11,4.01423344982883e-08,"slc15a1b","UP","slc15a1b"
"ENSDARG00000005221","ENSDARG00000005221",176.074239782441,0.663532561857814,0.173685965325463,3.82030039453358,0.000133289237595261,0.00605837099848344,"desmb","UP","desmb"
"ENSDARG00000101393","ENSDARG00000101393",202.197190002053,-1.00203740030872,0.176728354441567,-5.66993000910913,1.42855867161297e-08,3.52797601414524e-06,"si:dkey-31g6.6","DOWN","si:dkey-31g6.6"
"ENSDARG00000094990","ENSDARG00000094990",43.5394622893422,-1.67882309779035,0.389634329986708,-4.30871452689402,1.64206153234238e-05,0.0012895335941646,"si:dkey-91f15.1","DOWN","si:dkey-91f15.1"
"ENSDARG00000102802","ENSDARG00000102802",188.054792324307,-0.587421927305641,0.127206136556102,-4.61787413099029,3.8769128140512e-06,0.000414927121201535,"brdt","DOWN","brdt"
"ENSDARG00000102025","ENSDARG00000102025",1038.4476512145,0.554897705335711,0.170966901828735,3.24564403636194,0.00117185266498142,0.0275739660233271,"znf644b","UP","znf644b"
"ENSDARG00000103840","ENSDARG00000103840",499.946017737313,0.738744864198821,0.110089746407321,6.71038755476411,1.94108176688192e-11,1.1752310865357e-08,"lrrc8db","UP","lrrc8db"
"ENSDARG00000070864","ENSDARG00000070864",72.2629056678021,1.33494796341471,0.286179105018186,4.66472897568771,3.09024058810416e-06,0.0003494019614345,"bcl6aa","UP","bcl6aa"
"ENSDARG00000010958","ENSDARG00000010958",116.654043636785,-0.628507815363351,0.163085116862974,-3.85386372130714,0.000116268327686475,0.00555277415355585,"glmnb","DOWN","glmnb"
"ENSDARG00000070828","ENSDARG00000070828",544.233310687385,-0.931998824121106,0.220345497718784,-4.22971575897852,2.33986768737884e-05,0.00166352184183385,"actl6a","DOWN","actl6a"
"ENSDARG00000074892","ENSDARG00000074892",60.3445194011404,0.912030345639178,0.248279990575615,3.6733944750228,0.000239349547082945,0.00939822520753094,"pde6d","UP","pde6d"
"ENSDARG00000075159","ENSDARG00000075159",288.523852843943,0.599249440218553,0.114405338730283,5.23794996692695,1.62370063702485e-07,2.87502238267165e-05,"meltf","UP","meltf"
"ENSDARG00000052170","ENSDARG00000052170",422.580280955332,-0.507948829419513,0.132395005659893,-3.8366162446065,0.00012474116454205,0.00582404705793467,"uap1","DOWN","uap1"
"ENSDARG00000031647","ENSDARG00000031647",375.419536571345,0.603651680029381,0.153448360715413,3.93390764955072,8.35759054142393e-05,0.00434818040212645,"stat2","UP","stat2"
"ENSDARG00000074002","ENSDARG00000074002",118.268176738714,-0.546485031070995,0.172828378002764,-3.16200983534229,0.00156684272197723,0.0331919537796735,"slc6a11a","DOWN","slc6a11a"
"ENSDARG00000001993","ENSDARG00000001993",5517.11105155508,0.934374925087937,0.159136140885614,5.87154445173809,4.31753790670207e-09,1.26618545267017e-06,"myhb","UP","myhb"
"ENSDARG00000054058","ENSDARG00000054058",2394.25892634319,0.577186107517823,0.14232923738307,4.05528841529842,5.00724802390881e-05,0.00300258907861803,"h1-10","UP","h1-10"
"ENSDARG00000053934","ENSDARG00000053934",73.3932488660267,-0.671906959336021,0.188029937266625,-3.57340415629275,0.00035237025498447,0.012621445259167,"hdhd3","DOWN","hdhd3"
"ENSDARG00000097008","ENSDARG00000097008",9644.67333759405,0.524844140851719,0.113767329355139,4.61331160559595,3.96303476600151e-06,0.000415543014095432,"opn1mw1","UP","opn1mw1"
"ENSDARG00000087873","ENSDARG00000087873",317.256546985791,-0.578451281680348,0.136056086890375,-4.25156488696038,2.12281986085303e-05,0.00153243099878271,"eevs","DOWN","eevs"
"ENSDARG00000070471","ENSDARG00000070471",266.108944076476,-0.524460497891376,0.167964106834856,-3.12245578995655,0.0017934903970218,0.0361957217867765,"tarbp2","DOWN","tarbp2"
"ENSDARG00000095897","ENSDARG00000095897",234.868677155907,-1.04317087466672,0.207381453502316,-5.03020331398666,4.89960002185889e-07,7.29845974684679e-05,"atp5f1e","DOWN","atp5f1e"
"ENSDARG00000091061","ENSDARG00000091061",184.373617545999,0.772099410767218,0.189910210727009,4.06560241185289,4.79085503657866e-05,0.00291001806412767,"slc38a3b","UP","slc38a3b"
"ENSDARG00000075815","ENSDARG00000075815",31.9643664265156,1.47766391758103,0.473482799459549,3.12083969949423,0.00180336170627654,0.0363558494791669,"slc12a5a","UP","slc12a5a"
"ENSDARG00000103277","ENSDARG00000103277",237.481899708449,0.834223238818825,0.221069547196546,3.77357826710137,0.000160922703307898,0.00694335222617456,"cyp24a1","UP","cyp24a1"
"ENSDARG00000012485","ENSDARG00000012485",271.329973289973,-0.548084423501294,0.15789343216017,-3.47123003156526,0.000518079983482693,0.0162606073745596,"aurka","DOWN","aurka"
"ENSDARG00000055313","ENSDARG00000055313",30.2628613958402,0.902059628128777,0.284378192177481,3.17204220626664,0.00151371005990113,0.0325438993290772,"slc12a10.1","UP","slc12a10.1"
"ENSDARG00000078619","ENSDARG00000078619",1123.6364268659,-0.706201348807985,0.105491449284772,-6.69439422432818,2.16566866384212e-11,1.27023234848915e-08,"pnp5a","DOWN","pnp5a"
"ENSDARG00000039099","ENSDARG00000039099",3887.76213511121,-0.570255429475777,0.154070913033792,-3.70125300257488,0.000214537429450819,0.00869687475888211,"aep1","DOWN","aep1"
"ENSDARG00000078541","ENSDARG00000078541",253.960460215393,0.587831574136043,0.154669832570658,3.80055738320855,0.000144370979658886,0.00645166408861343,"cers3a","UP","cers3a"
"ENSDARG00000058349","ENSDARG00000058349",164.673743198242,-0.923812739085419,0.294016379334377,-3.14204515128319,0.00167772161712392,0.034679688361012,"polr2l","DOWN","polr2l"
"ENSDARG00000105391","ENSDARG00000105391",29.2549867450515,0.945561115210429,0.299486098795632,3.15727881532049,0.00159248998860269,0.0335459535309584,"strc","UP","strc"
"ENSDARG00000003203","ENSDARG00000003203",334.048174700857,-2.39238408973648,0.185795844269513,-12.8764133511303,6.11100734296559e-38,5.73487484100606e-34,"rhcga","DOWN","rhcga"
"ENSDARG00000055226","ENSDARG00000055226",265.277434692754,0.600787064852699,0.147462923158805,4.07415675739523,4.61813689017423e-05,0.00283260821214641,"slc7a7","UP","slc7a7"
"ENSDARG00000010940","ENSDARG00000010940",43.4250908294518,0.758962852323524,0.228258614144145,3.32501296903625,0.000884144222087946,0.0230159540975987,"BX957278.1","UP","BX957278.1"
"ENSDARG00000055342","ENSDARG00000055342",70.0510910440515,0.635622388034408,0.204767465719902,3.10411805801155,0.00190847161259525,0.0375605272142543,"slc16a13","UP","slc16a13"
"ENSDARG00000100712","ENSDARG00000100712",142.509565435595,-0.720268098328905,0.189991533356063,-3.79105366226531,0.000150009535646838,0.00657946562496226,"si:dkey-19b23.12","DOWN","si:dkey-19b23.12"
"ENSDARG00000101135","ENSDARG00000101135",1200.38363458845,0.878684566933963,0.119333821411163,7.36324837789672,1.79487956919523e-13,1.77305761232764e-10,"si:dkey-85k7.7","UP","si:dkey-85k7.7"
"ENSDARG00000088589","ENSDARG00000088589",321.683900686551,-0.85553735756464,0.194985280658715,-4.38770226488069,1.14554444696331e-05,0.00101418508137049,"ponzr3","DOWN","ponzr3"
"ENSDARG00000087440","ENSDARG00000087440",170.599859817444,-1.15172382783859,0.211549624169005,-5.44422535545839,5.20313145829439e-08,1.10974516296281e-05,"ponzr4","DOWN","ponzr4"
"ENSDARG00000055080","ENSDARG00000055080",1338.4840253378,-0.601131545268556,0.156100382937661,-3.85092934402741,0.000117670446639103,0.00559128256447932,"rbm4.2","DOWN","rbm4.2"
"ENSDARG00000036386","ENSDARG00000036386",570.459149191278,-0.850760215567181,0.168093813209986,-5.06122265490162,4.16576384012293e-07,6.30542108994091e-05,"rbm4.1","DOWN","rbm4.1"
"ENSDARG00000105522","ENSDARG00000105522",78.9597359637251,1.2485218006044,0.269438769076944,4.63378675935033,3.59036833262875e-06,0.000389523833728954,"si:ch211-196f2.3","UP","si:ch211-196f2.3"
"ENSDARG00000056781","ENSDARG00000056781",623.447104416756,0.813336179717951,0.167660886979928,4.85107883161396,1.22791725553932e-06,0.000157854650474093,"zanl","UP","zanl"
"ENSDARG00000016363","ENSDARG00000016363",128.512136523121,-0.553692847943929,0.181235164757934,-3.05510715143756,0.00224980127626351,0.0421002194957027,"her8a","DOWN","her8a"
"ENSDARG00000056587","ENSDARG00000056587",34.5114430556963,-1.14322195545393,0.327358961131043,-3.4922580139674,0.000478955354694464,0.0154194048923849,"cyp2r1","DOWN","cyp2r1"
"ENSDARG00000095007","ENSDARG00000095007",467.640414989014,-0.702143472965153,0.160935008394071,-4.3629007757334,1.28349165512683e-05,0.00109999337329112,"sinhcafl","DOWN","sinhcafl"
"ENSDARG00000054222","ENSDARG00000054222",124.202604447381,0.601893098896627,0.157846487647004,3.81315484347461,0.000137204090924047,0.00619034515036886,"fbxl8","UP","fbxl8"
"ENSDARG00000008491","ENSDARG00000008491",125.78787537129,0.60370589741524,0.155046066631269,3.89371952821592,9.87187822777082e-05,0.00494094086552081,"si:ch211-107o10.3","UP","si:ch211-107o10.3"
"ENSDARG00000053554","ENSDARG00000053554",34.0686950635417,-0.86266763175473,0.286000028797377,-3.01632008703715,0.00255863006249532,0.0455625499458963,"wdr76","DOWN","wdr76"
"ENSDARG00000053480","ENSDARG00000053480",1026.20571450562,0.535819168001929,0.0866278481152914,6.18529929646662,6.19847525868556e-10,2.37426902306672e-07,"aqp9b","UP","aqp9b"
"ENSDARG00000018817","ENSDARG00000018817",188.14218375823,-0.8198801329535,0.164768281787162,-4.97595850403157,6.49255560677029e-07,9.39515878799678e-05,"bdnf","DOWN","bdnf"
"ENSDARG00000039730","ENSDARG00000039730",477.198494704626,1.60152719554753,0.27275935149911,5.87157575623125,4.31672254885189e-09,1.26618545267017e-06,"zgc:112160","UP","zgc:112160"
"ENSDARG00000034420","ENSDARG00000034420",146.2284521602,-0.552409878962571,0.177966315764294,-3.1040136814104,0.00190914502436989,0.0375605272142543,"irx6a","DOWN","irx6a"
"ENSDARG00000074498","ENSDARG00000074498",56.3424103566018,1.18478036053185,0.382989536203451,3.09350582336139,0.00197806670959153,0.0384728850490399,"chd9","UP","chd9"
"ENSDARG00000052578","ENSDARG00000052578",44.0395052189176,2.20980441880349,0.367184270389917,6.01824369125856,1.76319619337417e-09,6.01698715517088e-07,"c6ast4","UP","c6ast4"
"ENSDARG00000068567","ENSDARG00000068567",181.616285851242,-0.86451613503415,0.275509576519254,-3.13788052653674,0.00170174225058478,0.0350603735468999,"shha","DOWN","shha"
"ENSDARG00000090618","ENSDARG00000090618",40.6162545786115,0.960291810197564,0.27396459256992,3.50516758822578,0.000456319942826816,0.0148950765337678,"malrd1","UP","malrd1"
"ENSDARG00000012499","ENSDARG00000012499",635.101541531072,-0.841505011750098,0.114878434800977,-7.32517824784065,2.38581385148538e-13,2.13234953231091e-10,"per1b","DOWN","per1b"
"ENSDARG00000100131","ENSDARG00000100131",33.7214550435282,0.975174204881781,0.312779496969512,3.11776895330462,0.00182225596692498,0.0365795959820481,"cdh29","UP","cdh29"
"ENSDARG00000089538","ENSDARG00000089538",62.0272272722235,1.0508529254853,0.319896620807163,3.28497663662027,0.0010199082848646,0.0248929240554274,"rnf166","UP","rnf166"
"ENSDARG00000051889","ENSDARG00000051889",165.797336646253,-0.537121467598651,0.161665293362277,-3.32242905343333,0.000892373612682261,0.0231339231166207,"dhodh","DOWN","dhodh"
"ENSDARG00000110709","ENSDARG00000110709",275.8547680947,0.533365225403588,0.170562763542366,3.12709066343843,0.00176545474983453,0.0358754651276506,"zdhhc21","UP","zdhhc21"
"ENSDARG00000052082","ENSDARG00000052082",427.579778516499,0.525970236259481,0.100983875899471,5.20845760349983,1.90416847101238e-07,3.2788383515992e-05,"gabarapb","UP","gabarapb"
"ENSDARG00000099470","ENSDARG00000099470",324.521774598688,0.922603324806441,0.28515963071769,3.23539247993986,0.00121475626672934,0.028252491165109,"muc5.3","UP","muc5.3"
"ENSDARG00000058454","ENSDARG00000058454",2234.21643840218,-0.505936031742378,0.151449194093868,-3.34063205003785,0.000835879204058862,0.0222638781775562,"dynll1","DOWN","dynll1"
"ENSDARG00000001968","ENSDARG00000001968",107.996888614096,0.866828769893472,0.292188879446781,2.9666726931384,0.00301041246273355,0.0498540608448481,"dock5","UP","dock5"
"ENSDARG00000077112","ENSDARG00000077112",320.43976416031,0.657544420769466,0.19773908686448,3.32531332674815,0.000883192204869298,0.0230159540975987,"si:ch211-180f4.1","UP","si:ch211-180f4.1"
"ENSDARG00000058944","ENSDARG00000058944",113.695054976219,0.686249999064743,0.163226747836442,4.20427416560664,2.61921303022372e-05,0.00181402248576638,"si:dkey-8e10.3","UP","si:dkey-8e10.3"
"ENSDARG00000043482","ENSDARG00000043482",65.0200048666909,-0.836925621979204,0.274606193357115,-3.04773032154746,0.0023057675139446,0.0428017026683208,"b3gnt3.1","DOWN","b3gnt3.1"
"ENSDARG00000078567","ENSDARG00000078567",310.222043184413,-0.897587849784962,0.0989692185071742,-9.06936382164012,1.19713926002728e-19,3.20987239592171e-16,"lonrf1l","DOWN","lonrf1l"
"ENSDARG00000043093","ENSDARG00000043093",217.754262954025,0.586535840119577,0.13497093574205,4.3456455043072,1.38866683135233e-05,0.0011583950114512,"mpeg1.2","UP","mpeg1.2"
"ENSDARG00000104329","ENSDARG00000104329",238.757220583219,-0.50867793994734,0.170253539914975,-2.98776718652296,0.0028102353648181,0.0481355535845767,"si:ch73-281k2.5","DOWN","si:ch73-281k2.5"
"ENSDARG00000038635","ENSDARG00000038635",245.46782501881,-0.510793035930303,0.124914557771937,-4.08913936887072,4.32976659098563e-05,0.00272554908004239,"magoh","DOWN","magoh"
"ENSDARG00000056744","ENSDARG00000056744",118.390174370448,1.53929289589525,0.285100860947631,5.3991169678649,6.69697022774721e-08,1.35156380865148e-05,"ela2","UP","ela2"
"ENSDARG00000042899","ENSDARG00000042899",84.7259560161892,0.614356813769126,0.19168365341759,3.20505584495892,0.00135036278053566,0.0301366932554981,"ELAPOR1","UP","ELAPOR1"
"ENSDARG00000036811","ENSDARG00000036811",479.501514464724,-0.588231074649418,0.194661112150826,-3.02182119556396,0.00251258916800952,0.0451709581317409,"ifrd2","DOWN","ifrd2"
"ENSDARG00000090721","ENSDARG00000090721",90.4172787051249,1.13678654313127,0.259201075224707,4.38573235911837,1.15596185628213e-05,0.00101860319627039,"prdm2a","UP","prdm2a"
"ENSDARG00000016830","ENSDARG00000016830",1395.61270677666,0.743268244578587,0.1870479198191,3.9736782173115,7.07711597566105e-05,0.00391686795712185,"rimkla","UP","rimkla"
"ENSDARG00000060796","ENSDARG00000060796",542.965973227157,0.764140487463166,0.207901352165076,3.67549551508655,0.000237388211412812,0.0093621153747746,"slc20a2","UP","slc20a2"
"ENSDARG00000102612","ENSDARG00000102612",69.3588831928884,0.794522324334102,0.265553184745136,2.99195178207575,0.00277200041904683,0.04760080134043,"slc15a4","UP","slc15a4"
"ENSDARG00000010294","ENSDARG00000010294",145.650222412332,0.700309744278364,0.225408843748028,3.10684236090223,0.00189097205659448,0.037359636347602,"fmodb","UP","fmodb"
"ENSDARG00000013302","ENSDARG00000013302",147.350845517813,-0.712536909796889,0.168509837825827,-4.22845881872707,2.35297572985503e-05,0.00166652835749619,"gpx8","DOWN","gpx8"
"ENSDARG00000099558","ENSDARG00000099558",119.186292170455,0.826775312401676,0.187628565977083,4.40644689733789,1.05080054200947e-05,0.000948195931393062,"NPC1L1","UP","NPC1L1"
"ENSDARG00000062518","ENSDARG00000062518",256.181536257652,0.710705316460826,0.12351200110105,5.7541397607134,8.70840904563545e-09,2.30208632926101e-06,"ulk1a","UP","ulk1a"
"ENSDARG00000041511","ENSDARG00000041511",51.0941072141836,0.635970768680831,0.213898041195586,2.97324260253186,0.00294671442112721,0.0492492279342267,"pex10","UP","pex10"
"ENSDARG00000015293","ENSDARG00000015293",47.0435848144551,0.906082070649198,0.239793708209051,3.77858984464797,0.00015771894962532,0.00686957037881024,"fam110a","UP","fam110a"
"ENSDARG00000018914","ENSDARG00000018914",1706.64573083024,-0.561105648934455,0.164829086654199,-3.40416646311716,0.00066366295515663,0.0194934115889433,"hnrnpk","DOWN","hnrnpk"
"ENSDARG00000033594","ENSDARG00000033594",46.0082753232047,1.2479614320781,0.244832572657923,5.09720344205071,3.44707819775157e-07,5.39151755779994e-05,"ido1","UP","ido1"
"ENSDARG00000059763","ENSDARG00000059763",231.80304607452,0.509764162081398,0.163243698302822,3.12271877800618,0.00179188873541919,0.0361957217867765,"gabrd","UP","gabrd"
"ENSDARG00000006990","ENSDARG00000006990",246.837522712627,-0.755198611732315,0.176209770698263,-4.28579305642193,1.82088433892455e-05,0.00139460859812456,"creld1b","DOWN","creld1b"
"ENSDARG00000103114","ENSDARG00000103114",142.731163033865,0.711295343720415,0.161494432514865,4.40445737133969,1.06048991108409e-05,0.00095236053306877,"ndufa4l2a","UP","ndufa4l2a"
"ENSDARG00000059305","ENSDARG00000059305",112.819148631375,0.581766651752783,0.178964881472161,3.25073079683111,0.00115108796031259,0.0272787499079635,"tmem37","UP","tmem37"
"ENSDARG00000006220","ENSDARG00000006220",638.510130832388,0.6316851840975,0.0911548656927867,6.92980214820817,4.21429604078391e-12,3.0422354765182e-09,"ugt1a1","UP","ugt1a1"
"ENSDARG00000019950","ENSDARG00000019950",262.683551787402,-0.563292622986561,0.121721636144603,-4.62771156244878,3.69728461806947e-06,0.000398818017221528,"carf","DOWN","carf"
"ENSDARG00000077002","ENSDARG00000077002",161.471402116748,0.7570037177386,0.211803231946584,3.57408954897115,0.00035144864437622,0.0126133406740604,"igsf3","UP","igsf3"
"ENSDARG00000013025","ENSDARG00000013025",220.021085538458,-0.51258197819378,0.127475383829053,-4.02102714106091,5.79449275556744e-05,0.00342002624305803,"ints6","DOWN","ints6"
"ENSDARG00000014916","ENSDARG00000014916",19.9271957982437,1.07119349186868,0.341592018179073,3.13588560288645,0.00171336022584865,0.0352224075344505,"slc10a2","UP","slc10a2"
"ENSDARG00000062156","ENSDARG00000062156",56.8256715553813,0.776874420692407,0.20833003984675,3.72905617098659,0.000192198309229819,0.00801637792429882,"abi3bpa","UP","abi3bpa"
"ENSDARG00000056167","ENSDARG00000056167",1163.59448469802,-0.564504715698637,0.179583291582533,-3.1434144609116,0.00166989213792118,0.0345940458461839,"hspe1","DOWN","hspe1"
"ENSDARG00000040946","ENSDARG00000040946",203.462534775892,-0.606065488127031,0.178545008720653,-3.39446894914472,0.000687618370616876,0.0199473094252058,"olig2","DOWN","olig2"
"ENSDARG00000040898","ENSDARG00000040898",20.2183395811701,1.2223769700368,0.384524771733392,3.17892905709681,0.00147820265385943,0.0319635778920364,"gpa33b","UP","gpa33b"
"ENSDARG00000040466","ENSDARG00000040466",1628.9892463874,0.530097764346727,0.116813540041362,4.53798219075481,5.67950554957849e-06,0.000567014040744886,"vil1","UP","vil1"
"ENSDARG00000060671","ENSDARG00000060671",60.7218917734845,1.23211854658074,0.277716711136809,4.43660210988807,9.13899937880005e-06,0.00085764939670349,"lct","UP","lct"
"ENSDARG00000068888","ENSDARG00000068888",193.441891682636,0.604063860569287,0.194943951011489,3.09865403586535,0.0019440188384069,0.0380388463189278,"klhl41a","UP","klhl41a"
"ENSDARG00000090844","ENSDARG00000090844",84.6917528957656,0.6468588970529,0.202326084668398,3.19711073395735,0.0013881162699234,0.0307753580787379,"CABZ01054965.1","UP","CABZ01054965.1"
"ENSDARG00000006008","ENSDARG00000006008",566.755174085379,0.662800016458797,0.120899600073624,5.48223497890127,4.1998587861876e-08,9.2737823009359e-06,"dct","UP","dct"
"ENSDARG00000038918","ENSDARG00000038918",101.989940904254,0.915594272181964,0.257278729380983,3.55876396927527,0.000372604188544549,0.0131208405530819,"drd1b","UP","drd1b"
"ENSDARG00000113941","ENSDARG00000113941",45.5245771009194,0.912900189954954,0.252416108656016,3.61664790260681,0.000298442821325263,0.0110664745105234,"CU182823.3","UP","CU182823.3"
"ENSDARG00000099279","ENSDARG00000099279",64.7846515472685,-0.72286115095981,0.212479880585264,-3.40202163597197,0.000668893421094723,0.0195248221159049,"ift27","DOWN","ift27"
"ENSDARG00000103342","ENSDARG00000103342",153.951140766906,0.781769199269428,0.135465031397209,5.7710037136974,7.88007379289832e-09,2.11287292884155e-06,"wu:fa56d06","UP","wu:fa56d06"
"ENSDARG00000103285","ENSDARG00000103285",236.659765003588,-0.539264073765177,0.147022069939694,-3.66791240244663,0.000244538928222501,0.00954210217007927,"CCDC134","DOWN","CCDC134"
"ENSDARG00000099719","ENSDARG00000099719",911.556093704299,0.788241573372725,0.126864832131849,6.21323939918604,5.19032796975145e-10,2.07270778009074e-07,"cdkn1d","UP","cdkn1d"
"ENSDARG00000098538","ENSDARG00000098538",22.4087782357159,2.43746908092506,0.570399830684448,4.27326403305595,1.9263212628083e-05,0.00144620495126596,"CABZ01112049.1","UP","CABZ01112049.1"
"ENSDARG00000105121","ENSDARG00000105121",64.8119086454293,1.19936175180923,0.349869526577651,3.42802576589373,0.000607987752755864,0.0183461770602489,"FAM135B","UP","FAM135B"
"ENSDARG00000100185","ENSDARG00000100185",131.051960771493,-1.04562123995467,0.315138373906878,-3.31797498029755,0.000906726060174933,0.0232809048200045,"elovl7b","DOWN","elovl7b"
"ENSDARG00000114999","ENSDARG00000114999",57.3589399676354,-0.779828766089176,0.251456013883231,-3.10125319353589,0.00192703439956095,0.0378331680390789,"CABZ01070852.2","DOWN","CABZ01070852.2"
"ENSDARG00000111916","ENSDARG00000111916",66.224027714606,-1.1315220115005,0.274006400089211,-4.12954591984751,3.63480402659545e-05,0.00235247023362655,"CABZ01050105.2","DOWN","CABZ01050105.2"
"ENSDARG00000101026","ENSDARG00000101026",41.6293112552461,-0.913488969331612,0.29010071049924,-3.14886843179243,0.00163903969605971,0.0342573898166422,"CABZ01038709.1","DOWN","CABZ01038709.1"
"ENSDARG00000116774","ENSDARG00000116774",52.7151296510882,-0.763252536900911,0.241157060496528,-3.16496035956575,0.00155104080800423,0.0329399799191543,"PCNP","DOWN","PCNP"
"ENSDARG00000063924","ENSDARG00000063924",61154.8734771163,0.509007877481812,0.16778811033166,3.0336349606398,0.00241626606996327,0.0441586152552488,"mt-cyb","UP","mt-cyb"
